loan_id,fico_score,dti_ratio,loan_to_value,loan_amount,income,emp_years,num_accounts,delinquencies,credit_history,default
1,624,0.103,0.609,22552,30427,3.4,11,1,7.0,0
2,769,0.16,0.843,82686,45726,5.0,7,1,6.9,1
3,719,0.39,0.623,33311,55580,8.2,8,1,16.3,0
4,594,0.366,0.626,29092,56193,0.5,7,1,8.0,0
5,659,0.128,0.578,47761,97449,10.9,16,0,19.4,0
6,815,0.235,0.697,11289,57423,7.7,13,1,9.2,0
7,530,0.326,0.677,472555,98257,1.3,8,0,3.3,0
8,669,0.319,0.704,18676,118814,7.0,5,0,8.2,0
9,788,0.117,0.695,14974,51932,8.8,9,0,9.9,0
10,639,0.306,0.446,37725,49887,4.6,8,1,5.3,0
11,652,0.219,0.777,3458,48961,4.0,9,0,10.4,0
12,693,0.4,0.471,65854,35913,10.5,5,0,8.7,0
13,804,0.26,0.635,59723,40227,13.6,11,3,9.2,0
14,655,0.316,0.868,19356,53511,0.1,9,1,3.2,0
15,668,0.269,0.769,37540,60305,0.4,13,1,7.6,1
16,669,0.347,0.91,16097,156349,13.0,6,0,9.5,0
17,850,0.203,0.608,29339,36986,19.3,10,0,5.9,0
18,850,0.347,0.597,10019,49497,4.0,11,1,10.7,0
19,770,0.401,0.856,41066,27365,5.5,10,1,7.2,0
20,727,0.464,0.703,36089,95147,0.8,14,0,5.7,0
21,751,0.438,0.992,12033,66281,2.4,5,0,9.3,1
22,804,0.226,0.542,11442,67252,8.7,12,1,14.2,0
23,634,0.338,0.79,11081,78398,4.6,9,0,10.1,0
24,782,0.361,0.775,8969,19051,11.7,9,0,10.0,0
25,612,0.339,0.859,35252,75436,2.3,9,0,10.5,1
26,655,0.355,0.774,54828,48470,3.9,9,0,0.7,0
27,763,0.322,0.787,34900,51729,11.7,7,0,9.9,0
28,599,0.225,0.706,58206,221499,13.3,6,1,2.0,0
29,690,0.301,0.828,71849,91116,3.9,8,0,9.9,1
30,639,0.365,0.611,33017,81285,4.3,4,0,9.7,0
31,682,0.326,0.82,5942,85183,1.9,8,0,12.5,1
32,504,0.17,0.963,66285,20168,3.9,7,0,14.6,1
33,575,0.192,0.577,19604,72192,4.8,8,0,11.7,0
34,651,0.239,0.788,213971,30750,2.6,11,0,9.4,0
35,764,0.26,0.746,61555,49566,0.9,8,0,9.7,0
36,687,0.296,0.54,45980,36318,3.2,11,0,13.4,0
37,700,0.182,0.697,56339,109679,6.5,5,1,10.3,0
38,748,0.359,0.816,12808,45323,1.1,10,3,11.2,0
39,638,0.094,0.796,6751,63050,13.0,7,0,10.7,0
40,719,0.333,0.551,41386,105424,5.5,7,0,16.2,0
41,643,0.331,0.722,81963,47361,2.7,6,1,12.5,0
42,579,0.344,0.752,28904,66589,4.6,4,0,9.3,0
43,672,0.05,0.819,66541,44429,1.7,9,0,5.4,0
44,740,0.145,0.689,18195,76466,2.5,9,1,8.7,0
45,723,0.245,0.597,22573,66885,1.5,9,0,18.3,0
46,699,0.297,0.848,38185,142042,4.3,6,0,11.1,0
47,850,0.272,0.519,28079,50195,3.1,3,2,5.0,0
48,728,0.199,0.585,73472,92389,3.0,13,0,7.8,0
49,768,0.408,0.796,69318,78709,15.5,6,0,7.9,0
50,850,0.312,0.73,38014,67470,2.5,8,0,13.7,0
51,609,0.241,0.703,24598,53628,1.6,13,0,19.0,1
52,627,0.181,0.56,26717,66008,1.2,10,0,6.9,0
53,822,0.287,0.818,241980,65701,0.1,7,0,7.3,0
54,644,0.406,0.767,110683,170384,2.7,11,0,12.4,0
55,702,0.284,0.973,17498,55008,7.1,9,0,9.0,0
56,774,0.277,0.785,32456,57811,7.3,10,0,2.1,0
57,762,0.287,0.472,29976,38275,33.0,6,0,5.5,0
58,822,0.292,0.696,24733,51484,17.4,7,0,10.8,0
59,804,0.257,0.667,55052,101142,1.1,13,0,10.6,0
60,774,0.183,0.656,25040,76264,13.3,14,0,10.8,0
61,645,0.433,0.65,36947,91207,0.7,7,2,9.8,1
62,755,0.344,0.705,44002,40811,4.0,15,1,10.9,0
63,721,0.492,0.569,11418,84452,4.9,10,1,7.7,0
64,607,0.33,0.442,53716,57497,20.4,4,0,5.7,0
65,799,0.257,0.741,41022,121527,5.9,6,1,0.5,0
66,756,0.185,0.844,13269,124939,11.4,7,0,6.6,0
67,703,0.247,0.749,68200,132198,25.0,12,0,5.0,0
68,683,0.165,0.724,17225,49786,12.2,5,0,5.2,1
69,616,0.49,0.565,30921,27594,1.8,6,0,10.3,0
70,713,0.278,0.809,138638,184587,1.7,1,0,6.9,0
71,732,0.359,0.385,43243,101948,2.8,5,1,12.0,0
72,641,0.376,0.985,76513,148063,13.6,7,0,5.1,0
73,781,0.388,0.597,25919,96712,7.7,5,0,6.4,0
74,623,0.535,0.787,54310,47716,3.8,10,1,6.7,1
75,551,0.27,0.611,26368,128174,2.7,10,0,14.8,0
76,772,0.262,0.696,40202,104940,3.0,14,0,1.7,0
77,671,0.296,0.629,70279,111658,6.8,11,1,5.9,1
78,691,0.355,0.38,42751,94964,0.0,13,1,3.9,1
79,641,0.298,0.774,78431,68081,1.3,6,0,4.5,0
80,587,0.253,0.52,168289,30373,11.4,12,0,6.7,1
81,787,0.208,0.508,57447,102707,1.3,12,0,6.9,0
82,651,0.203,0.607,22264,121498,12.7,14,0,3.2,0
83,816,0.307,0.637,29705,40008,2.7,3,1,10.1,0
84,756,0.18,0.733,112482,50890,23.3,15,0,5.6,0
85,677,0.099,0.603,47959,67698,1.3,13,0,3.8,1
86,623,0.292,1.082,42493,110715,0.3,8,1,12.0,1
87,648,0.396,0.449,46208,78793,11.8,12,0,7.0,0
88,615,0.346,0.631,57357,32688,2.1,7,0,6.6,0
89,846,0.278,0.753,24805,78082,0.9,4,0,2.1,0
90,711,0.32,0.843,142204,88291,15.5,11,0,20.2,0
91,780,0.115,0.774,72647,80249,7.6,11,1,8.9,0
92,611,0.211,0.807,3583,59785,0.3,13,0,8.6,0
93,712,0.448,0.576,48173,16882,1.2,4,0,4.1,0
94,782,0.398,0.769,24533,50994,9.5,8,0,3.4,0
95,676,0.209,0.875,66900,113038,15.2,8,0,0.0,0
96,772,0.455,0.754,41836,61273,4.6,5,1,7.3,0
97,624,0.208,1.039,4770,90071,23.6,9,0,6.0,1
98,604,0.198,0.671,12100,60153,3.8,8,0,8.4,0
99,726,0.434,0.63,76608,59030,19.3,9,0,9.8,0
100,673,0.411,0.422,37534,244316,2.7,11,0,6.1,0
101,744,0.221,0.614,81282,224544,5.2,11,1,8.4,0
102,561,0.275,0.757,25726,57032,0.2,6,0,13.8,0
103,749,0.246,0.814,76514,96777,8.7,6,0,13.5,0
104,850,0.33,0.89,30116,58833,7.3,5,0,7.2,0
105,698,0.437,0.713,65208,40529,2.7,17,1,9.0,1
106,702,0.333,0.595,41742,85500,0.3,6,0,9.6,1
107,712,0.269,0.482,25378,104791,18.5,8,1,7.4,0
108,569,0.145,0.653,33983,132772,4.2,12,0,8.2,0
109,729,0.358,0.526,77413,57969,6.0,11,0,2.0,0
110,587,0.158,0.65,91327,52824,3.4,8,0,0.1,0
111,670,0.261,0.472,46985,50441,3.4,8,1,10.7,0
112,787,0.376,0.627,149611,132665,1.5,10,0,5.8,0
113,648,0.361,0.585,8451,44977,4.8,13,1,15.9,0
114,735,0.364,0.833,40231,47730,15.9,7,1,19.3,0
115,770,0.35,0.505,193458,171979,30.4,9,0,11.1,0
116,719,0.295,0.427,11216,76741,10.1,14,0,6.2,0
117,604,0.31,0.798,57653,99299,27.4,11,1,8.6,0
118,676,0.289,0.906,42284,75157,6.9,5,0,11.6,0
119,837,0.328,0.796,59381,56479,1.5,15,0,8.8,0
120,558,0.334,0.659,197377,95551,14.2,6,0,0.0,1
121,680,0.293,0.551,27482,36322,13.4,13,0,8.7,0
122,661,0.331,0.649,90207,76917,4.3,9,1,6.7,1
123,708,0.212,0.621,31120,70010,6.2,9,0,6.8,0
124,752,0.249,0.5,229786,79993,5.5,8,0,3.9,0
125,812,0.303,0.682,143008,57683,6.5,13,0,18.7,0
126,681,0.472,0.873,41822,55916,9.2,9,0,6.6,0
127,756,0.333,0.808,22779,23649,8.8,9,1,5.2,0
128,734,0.267,0.733,13876,86072,11.9,17,0,14.2,0
129,733,0.258,0.671,164346,113322,1.3,7,0,10.7,0
130,660,0.354,0.533,16342,64163,5.5,10,0,9.9,0
131,630,0.27,0.844,37442,76258,0.8,9,0,6.7,0
132,622,0.344,0.464,41385,40704,8.2,9,0,5.9,1
133,647,0.331,0.359,28884,83861,12.7,8,1,9.9,1
134,722,0.155,0.671,30519,43208,7.8,8,0,5.8,0
135,753,0.327,0.617,5836,73782,6.6,9,0,5.9,0
136,722,0.327,0.627,17286,42678,2.5,5,0,9.9,0
137,661,0.36,0.789,84492,23763,15.6,10,1,11.5,0
138,826,0.196,0.761,89293,89126,3.8,7,1,9.2,0
139,806,0.389,0.78,41488,97432,21.5,9,0,10.1,0
140,675,0.263,0.844,47353,195968,24.5,8,1,13.5,0
141,642,0.479,0.49,35104,27889,2.0,12,1,12.5,1
142,709,0.455,0.942,21349,104124,9.1,13,1,7.3,0
143,788,0.219,0.552,41184,41554,0.8,12,0,13.6,0
144,723,0.143,0.726,16986,52461,16.5,5,0,12.9,0
145,738,0.35,0.961,43141,59431,1.0,5,0,9.4,0
146,685,0.198,0.924,32606,87158,1.0,6,0,9.4,0
147,731,0.395,0.892,111364,73377,12.6,8,0,13.2,0
148,808,0.333,0.677,57747,99591,1.5,9,0,5.1,0
149,683,0.135,0.461,72125,74751,4.4,6,0,4.0,0
150,710,0.358,0.52,12266,76950,1.6,7,0,9.4,0
151,717,0.294,0.632,16402,95234,7.0,8,0,5.3,0
152,719,0.321,0.577,22886,79086,8.5,12,0,14.0,0
153,601,0.432,0.572,39389,106749,3.8,5,0,3.7,0
154,568,0.267,0.645,30672,76172,9.3,4,0,13.8,1
155,628,0.356,0.584,259050,75197,0.8,10,0,20.2,0
156,711,0.22,0.603,18446,114216,13.6,9,0,9.0,0
157,738,0.223,0.694,120986,134783,9.2,6,0,7.1,0
158,662,0.258,0.531,46716,89011,1.2,8,0,10.8,0
159,796,0.218,0.788,58817,52956,1.6,9,1,9.8,0
160,689,0.337,0.822,40356,28689,3.1,14,0,9.0,0
161,701,0.148,0.611,8047,12645,7.4,11,1,11.4,1
162,686,0.363,0.681,19529,60592,8.5,6,0,6.8,0
163,709,0.204,0.908,28647,79748,19.2,10,0,3.7,0
164,749,0.318,0.8,86929,25252,2.9,5,0,8.0,0
165,746,0.161,0.923,18286,33654,3.6,7,0,1.1,1
166,637,0.328,0.796,91046,114517,8.5,9,0,12.5,0
167,806,0.388,0.835,10278,64279,3.2,9,0,4.9,0
168,623,0.281,0.595,71304,45697,8.0,12,0,5.9,0
169,705,0.435,0.676,40599,32778,5.7,10,0,10.9,0
170,680,0.266,0.566,50838,108487,1.1,13,0,2.2,0
171,626,0.321,0.693,174443,55510,3.7,9,0,10.1,0
172,694,0.187,0.762,173964,86115,0.3,5,0,9.3,0
173,648,0.324,0.715,36293,56684,11.4,10,0,12.3,0
174,705,0.223,0.455,29666,43870,19.6,8,0,9.2,0
175,728,0.208,0.562,71007,57015,14.9,14,0,5.7,0
176,803,0.438,0.503,12007,86286,3.6,11,1,11.5,0
177,721,0.153,0.727,43031,53010,1.5,8,0,10.3,0
178,657,0.269,0.621,46789,52684,3.5,11,1,8.0,0
179,672,0.351,0.72,37815,125469,2.2,9,0,8.4,0
180,709,0.303,0.369,7449,110258,20.7,9,0,4.8,0
181,706,0.095,0.695,10391,89091,6.7,11,1,11.0,0
182,802,0.34,0.527,39207,58011,4.8,12,1,5.4,0
183,797,0.142,0.787,13739,47632,5.6,5,0,5.1,0
184,674,0.236,0.796,59080,169070,1.1,15,1,5.2,0
185,661,0.256,0.763,17115,124264,17.1,9,0,7.8,0
186,521,0.05,0.821,124011,96463,0.8,9,0,8.9,1
187,661,0.269,0.802,106417,269163,3.1,7,0,9.1,0
188,631,0.347,0.602,46124,44319,3.4,9,0,7.5,0
189,675,0.263,0.463,64670,130163,11.5,4,0,10.2,0
190,727,0.298,0.787,50753,134497,2.2,7,0,7.1,0
191,712,0.506,0.728,35353,66943,5.2,14,0,3.0,0
192,697,0.393,0.338,48548,74858,11.6,5,0,6.6,0
193,713,0.286,0.423,14757,139831,20.4,12,0,7.7,0
194,691,0.539,0.486,66911,124462,3.2,6,0,7.9,0
195,713,0.216,0.668,35873,62722,3.7,12,0,11.0,0
196,473,0.332,0.47,19256,141708,0.4,9,0,13.5,1
197,681,0.122,0.778,50441,75245,2.4,8,0,8.7,0
198,692,0.32,0.604,39888,131352,6.3,3,0,3.8,0
199,676,0.269,0.912,33208,44264,3.2,11,0,10.8,0
200,684,0.286,0.744,55938,70645,0.5,11,0,5.4,0
201,749,0.317,0.66,64752,64593,0.2,9,2,8.3,0
202,658,0.308,0.743,142644,59717,0.3,9,0,3.7,1
203,850,0.173,0.54,116022,168245,2.1,13,1,10.2,0
204,748,0.242,0.897,177515,114613,5.9,9,0,10.0,0
205,699,0.281,0.838,31081,91240,4.1,10,0,8.6,0
206,685,0.137,0.717,29246,92370,4.2,4,0,6.2,0
207,693,0.36,0.97,28746,80879,9.7,6,0,13.2,0
208,635,0.468,0.46,14310,74240,1.8,12,1,11.3,1
209,693,0.31,0.801,87144,37102,18.5,13,0,6.4,0
210,719,0.227,0.861,33067,60996,0.2,12,0,13.2,0
211,740,0.05,0.755,51801,101485,13.2,13,0,13.5,0
212,740,0.128,0.657,34849,56282,7.9,7,0,9.5,0
213,680,0.314,0.371,28005,34912,1.2,7,0,3.3,0
214,600,0.406,0.843,17148,143889,1.1,7,0,11.3,0
215,653,0.258,0.616,44980,32602,0.3,14,0,6.1,0
216,812,0.131,0.669,26773,82902,3.2,14,0,6.9,0
217,762,0.193,0.828,4019,96698,5.1,16,0,13.9,0
218,725,0.223,0.828,18976,68287,6.3,9,0,2.2,0
219,646,0.087,0.507,57925,77678,3.6,6,0,12.1,0
220,700,0.249,0.532,35735,85956,0.7,7,1,12.2,0
221,612,0.369,0.574,24464,59840,3.1,11,0,11.0,0
222,661,0.112,0.783,18960,89614,5.9,7,0,9.8,0
223,682,0.224,0.842,20285,82971,13.3,7,0,13.8,1
224,674,0.078,0.755,25894,120837,3.8,4,0,4.4,0
225,766,0.198,0.614,16096,49766,1.9,7,1,17.8,0
226,600,0.265,0.658,49361,109759,13.1,10,0,6.9,0
227,639,0.382,0.888,27948,55061,4.2,9,0,6.2,0
228,603,0.326,0.511,63466,98096,16.9,7,0,7.5,0
229,613,0.162,0.797,22969,16535,3.8,10,0,8.0,0
230,708,0.289,0.664,39837,72382,0.9,7,0,15.9,0
231,587,0.247,0.753,43120,76125,6.4,7,0,8.8,1
232,752,0.279,0.684,51788,84369,10.9,9,0,9.6,0
233,682,0.26,0.835,12481,105701,9.5,7,0,9.9,0
234,704,0.311,0.76,212740,67394,19.5,15,0,10.2,0
235,722,0.298,0.691,33470,101558,0.8,7,0,3.6,0
236,669,0.367,1.02,18653,102052,21.0,4,0,18.1,0
237,772,0.292,0.868,57265,75809,1.7,9,1,4.1,0
238,686,0.449,0.721,66809,82241,4.8,6,0,12.5,0
239,741,0.332,0.796,26771,109971,14.9,10,1,6.7,0
240,686,0.428,0.698,28091,45312,2.8,12,1,4.4,0
241,720,0.352,0.576,21539,34285,2.7,8,0,5.5,0
242,719,0.213,0.422,71285,84429,6.4,11,1,6.7,0
243,717,0.404,0.99,34414,63441,0.8,6,1,12.9,1
244,631,0.398,0.614,76334,176586,33.7,7,0,4.2,0
245,730,0.05,0.768,33502,79315,3.7,9,1,12.1,1
246,677,0.225,0.87,8588,127874,1.0,11,0,10.5,0
247,744,0.424,0.614,28439,144497,14.4,7,0,3.6,0
248,549,0.385,0.638,43639,59444,0.4,11,1,5.5,1
249,597,0.134,0.758,35888,119182,14.7,7,0,9.4,0
250,725,0.366,0.759,140877,109928,2.3,7,0,10.2,0
251,830,0.453,0.685,40165,76941,3.6,10,0,15.1,0
252,758,0.341,0.522,48115,45202,2.3,6,1,8.6,0
253,652,0.132,0.873,121515,174184,0.3,13,0,3.2,1
254,581,0.202,0.794,29632,59392,21.4,6,2,13.5,1
255,751,0.32,0.707,37942,99315,0.6,7,0,17.2,0
256,694,0.258,0.801,47417,130981,0.1,9,0,9.0,1
257,741,0.408,0.193,26503,56520,9.8,5,0,9.2,0
258,708,0.353,0.69,45461,81547,9.1,12,0,11.5,0
259,702,0.476,0.617,47818,39434,2.9,13,0,8.9,0
260,850,0.382,0.386,155367,79885,0.0,13,0,14.0,0
261,699,0.335,0.762,116426,63203,0.1,14,0,10.5,0
262,688,0.249,0.532,25359,144276,1.3,15,0,13.8,0
263,691,0.42,0.892,34040,68305,6.5,8,0,9.5,0
264,659,0.281,0.659,85863,81878,2.0,6,0,9.1,0
265,769,0.177,0.78,49668,136396,2.3,6,0,4.1,0
266,675,0.285,0.593,64351,70422,23.1,9,0,5.5,0
267,744,0.271,0.803,31291,142911,16.1,9,1,10.7,0
268,719,0.181,0.893,80058,137885,0.9,7,0,4.3,0
269,785,0.363,0.444,90036,78543,6.6,9,1,15.2,0
270,729,0.266,0.773,20320,77214,2.0,9,0,13.3,0
271,615,0.32,0.433,100070,51806,0.2,7,1,6.0,1
272,607,0.202,0.663,9428,109902,1.3,13,0,12.0,1
273,798,0.264,0.719,60276,131620,0.7,11,0,7.8,0
274,657,0.357,0.516,21738,147338,11.4,13,0,9.3,0
275,607,0.255,0.63,33689,53612,0.2,14,0,9.6,0
276,653,0.243,0.905,77852,251067,0.3,7,0,5.7,0
277,788,0.498,0.814,49128,24028,6.5,5,0,0.0,0
278,600,0.312,0.835,72583,79474,18.4,10,0,12.4,0
279,639,0.353,0.925,45002,226338,0.1,9,1,11.7,0
280,653,0.355,0.633,43496,61759,9.1,9,1,14.3,1
281,612,0.29,0.83,54878,133419,3.2,11,0,11.6,1
282,617,0.333,0.59,30084,206797,4.0,10,1,8.3,1
283,593,0.183,0.867,37668,61027,3.3,5,0,8.6,0
284,667,0.425,0.511,27197,195411,6.8,4,0,8.5,0
285,675,0.405,0.555,34500,39784,0.9,12,0,12.2,0
286,652,0.299,0.942,60635,34999,0.9,10,0,8.5,0
287,584,0.281,0.771,6743,58209,2.9,6,0,14.5,1
288,787,0.156,0.729,61021,36326,0.7,6,0,9.0,0
289,606,0.383,0.653,74420,91405,14.5,9,1,10.1,1
290,719,0.254,0.623,14784,34194,33.3,10,2,12.3,0
291,624,0.341,0.669,95617,29522,23.4,10,0,9.4,0
292,746,0.136,0.667,15957,28632,5.3,10,0,8.1,0
293,766,0.343,0.782,26614,42042,11.2,8,0,7.0,0
294,638,0.262,0.935,48369,82916,25.2,6,1,13.4,0
295,565,0.281,0.554,38749,49361,8.7,6,0,15.8,0
296,748,0.138,0.707,119236,130611,18.0,8,0,12.9,0
297,831,0.348,0.802,17408,88380,1.2,7,2,8.1,1
298,729,0.219,0.639,27487,159215,20.7,5,1,11.5,0
299,711,0.275,0.803,28615,243469,1.2,6,0,10.0,0
300,757,0.36,0.473,145327,58185,0.4,8,0,7.9,0
301,753,0.271,1.025,143477,58849,27.9,9,0,7.4,0
302,641,0.479,0.731,9147,101251,31.3,9,0,11.4,0
303,653,0.19,0.673,32041,34777,0.8,8,1,10.6,0
304,742,0.304,0.573,9939,43412,3.7,7,0,10.3,0
305,689,0.321,0.64,44131,87718,7.1,9,0,10.3,0
306,792,0.178,0.791,36780,140796,13.3,9,0,11.5,0
307,650,0.289,1.039,16670,45517,3.3,9,0,6.1,0
308,752,0.261,0.485,69578,61000,17.3,7,0,5.6,0
309,723,0.303,0.665,10249,37817,1.1,10,0,5.5,0
310,691,0.325,0.512,53418,63624,0.2,10,1,9.6,1
311,782,0.42,0.498,26168,38525,3.6,8,0,12.3,0
312,747,0.309,0.693,144634,47011,5.3,16,0,11.0,0
313,629,0.335,0.605,63393,90086,17.7,5,0,9.6,0
314,744,0.43,0.73,27969,32973,15.7,14,2,8.7,0
315,796,0.122,0.784,28453,46317,4.0,9,0,10.9,0
316,690,0.254,0.492,23677,36344,14.0,10,0,11.9,0
317,682,0.284,0.6,50767,96351,1.3,9,0,6.9,0
318,653,0.124,0.639,11249,109092,1.7,5,0,13.1,0
319,699,0.288,0.355,13967,61414,5.0,9,1,13.1,0
320,748,0.05,0.641,46234,103239,0.3,4,0,6.2,0
321,642,0.351,0.489,20103,132650,9.9,6,2,4.3,0
322,605,0.132,0.647,24254,124156,5.4,9,0,4.3,0
323,673,0.155,0.673,35025,80251,1.1,5,0,9.0,0
324,603,0.332,0.399,6312,62966,5.0,8,0,8.4,0
325,736,0.113,0.513,27877,27101,4.8,12,0,12.7,0
326,670,0.485,0.739,52678,131516,7.1,7,0,1.8,0
327,577,0.292,0.813,62751,206868,0.4,6,0,5.3,1
328,675,0.27,0.964,8889,47636,3.2,13,0,7.9,0
329,686,0.4,0.733,10097,52667,11.5,7,0,8.8,0
330,731,0.272,0.582,49494,70502,0.2,9,1,8.7,0
331,689,0.304,0.542,120035,97568,7.1,7,0,14.1,0
332,830,0.264,0.489,68158,18630,2.9,8,0,4.1,0
333,663,0.23,0.834,135397,95432,7.9,12,1,12.3,0
334,695,0.317,0.476,5453,55776,2.4,8,0,15.4,0
335,692,0.333,0.564,97974,62647,16.4,6,0,2.6,0
336,680,0.153,0.661,42354,89998,2.5,7,0,3.9,0
337,709,0.192,0.871,67236,98248,13.1,5,0,12.0,1
338,737,0.214,0.772,199055,101844,1.3,14,2,6.8,1
339,793,0.277,0.659,33685,83706,27.6,8,0,7.7,0
340,590,0.315,0.775,63372,113667,3.2,13,0,11.0,0
341,664,0.496,0.968,57729,99474,4.9,10,0,12.4,0
342,668,0.308,0.63,134257,115311,12.7,7,0,5.4,0
343,765,0.263,0.851,19127,39584,0.6,7,1,8.2,0
344,675,0.209,0.772,9623,140588,1.1,12,0,3.6,0
345,567,0.379,0.867,11323,55325,2.9,10,0,2.1,1
346,706,0.279,0.702,74136,223352,3.4,11,0,7.7,0
347,697,0.314,0.577,41824,51067,11.7,8,0,10.5,1
348,712,0.28,0.523,16304,102662,1.8,13,0,6.7,0
349,627,0.335,0.651,60117,93927,11.6,12,0,10.6,1
350,820,0.328,0.528,53752,60586,9.3,12,0,0.0,0
351,677,0.317,0.465,33319,78452,11.9,7,0,8.8,0
352,686,0.28,1.031,69494,115648,12.7,10,0,2.9,0
353,636,0.289,0.541,25984,42041,9.5,12,1,14.6,1
354,634,0.318,0.607,49277,35417,1.4,16,0,7.3,0
355,614,0.088,0.7,31445,65118,4.5,5,0,7.5,0
356,672,0.277,0.95,41946,89793,10.7,11,0,12.9,0
357,632,0.378,0.78,25743,38804,1.8,15,1,6.7,0
358,843,0.232,0.889,54379,113595,11.7,4,2,6.3,0
359,567,0.071,0.706,20068,90203,8.0,5,0,8.2,0
360,621,0.141,0.685,29144,103009,10.8,4,0,2.6,0
361,671,0.288,0.712,68129,74629,0.8,8,0,7.0,0
362,747,0.208,0.864,114403,33521,5.7,9,1,14.7,0
363,671,0.293,0.546,23765,83995,9.4,9,0,6.6,0
364,747,0.278,0.591,11963,74153,5.6,2,0,5.9,0
365,630,0.233,0.82,9846,62047,0.7,13,0,7.5,0
366,704,0.189,0.89,34986,151798,20.5,10,1,9.5,0
367,822,0.3,0.462,67439,72281,7.0,9,0,7.1,0
368,632,0.287,0.607,55005,23858,5.0,10,0,10.7,0
369,729,0.268,0.755,16544,49616,3.1,7,1,10.7,0
370,714,0.367,0.771,10361,151187,2.0,9,0,4.7,0
371,542,0.3,0.858,26377,106677,5.0,7,1,11.5,1
372,658,0.22,0.897,27542,71095,0.4,7,0,7.2,0
373,779,0.244,0.618,45773,54002,19.8,8,0,11.6,0
374,709,0.274,0.847,17504,85290,1.3,10,1,13.3,0
375,615,0.292,0.55,82731,109640,2.7,8,1,6.3,0
376,748,0.414,0.839,31720,39960,12.3,8,0,8.5,0
377,666,0.449,0.654,11174,87693,22.5,7,0,4.9,0
378,725,0.233,0.747,28261,47566,5.1,9,0,6.9,0
379,726,0.178,0.798,40359,70090,9.3,7,0,15.2,0
380,621,0.226,0.813,23973,37037,19.4,8,0,11.1,0
381,755,0.322,0.737,194434,84030,0.4,7,0,9.7,0
382,629,0.363,0.729,99254,39698,0.0,7,1,10.5,0
383,608,0.239,0.491,58540,28276,11.2,14,0,10.0,0
384,638,0.189,0.748,93815,65389,4.7,9,0,12.1,0
385,675,0.318,0.583,167569,63959,8.7,9,1,9.4,0
386,707,0.342,0.606,39997,94689,3.5,13,0,14.4,0
387,645,0.383,0.741,11088,104131,1.0,12,0,6.1,0
388,752,0.216,0.918,20655,63521,0.4,6,0,1.8,0
389,717,0.313,0.828,37164,65094,16.4,8,0,11.9,0
390,651,0.117,0.669,15325,73238,12.4,7,2,5.2,0
391,762,0.269,0.652,50868,42283,11.6,12,0,18.0,0
392,781,0.352,0.573,2177,39188,1.8,8,0,4.5,0
393,693,0.428,0.688,116150,71458,24.6,8,0,14.1,0
394,684,0.31,0.332,14820,88688,15.0,5,0,8.8,0
395,575,0.256,0.662,29586,191723,4.9,11,1,9.3,1
396,671,0.139,0.583,49497,35542,22.7,9,1,12.5,0
397,679,0.303,0.655,21217,27293,9.1,10,0,6.5,0
398,717,0.343,0.453,72935,60974,0.1,8,0,0.2,0
399,688,0.381,0.618,144098,80063,24.6,11,0,3.1,0
400,717,0.304,0.904,30035,23022,5.7,9,1,7.0,0
401,807,0.184,0.709,6296,111470,0.5,9,1,17.8,0
402,662,0.335,0.512,37933,83070,3.2,9,0,9.3,0
403,665,0.449,0.612,56182,81959,3.7,15,0,5.4,0
404,608,0.254,0.7,52643,72816,12.9,9,1,14.7,0
405,699,0.2,0.337,74606,111372,0.2,10,0,2.6,0
406,768,0.247,1.034,33795,41570,7.3,7,0,10.9,0
407,577,0.279,0.719,58805,49064,16.0,7,1,12.1,1
408,653,0.228,0.719,81944,29469,7.5,7,0,8.8,0
409,702,0.351,0.797,61488,70415,3.4,11,0,9.1,0
410,759,0.323,0.764,19227,69360,4.4,7,0,7.0,0
411,726,0.247,0.896,45561,166552,18.5,11,1,12.2,0
412,722,0.278,0.935,30873,62405,0.5,8,1,11.8,1
413,684,0.126,0.558,496501,43718,4.2,8,1,7.9,0
414,733,0.312,0.389,105856,89689,6.3,7,0,11.7,0
415,771,0.141,0.426,276950,43403,0.9,7,0,9.3,0
416,580,0.252,1.01,41208,55140,6.5,9,1,14.5,1
417,750,0.234,0.518,92373,53827,0.7,8,1,7.8,0
418,693,0.327,0.906,29958,302056,26.3,9,0,9.2,0
419,662,0.236,0.52,105338,109682,2.3,10,0,6.3,0
420,528,0.275,0.875,18074,134753,4.8,8,0,13.9,1
421,603,0.43,0.873,56553,166594,31.8,11,2,12.1,0
422,818,0.123,0.715,17320,117078,2.2,6,0,2.7,0
423,651,0.291,0.584,53385,63864,4.6,10,0,8.1,1
424,624,0.366,0.853,20935,107110,7.9,9,0,10.6,0
425,668,0.217,0.597,51763,95893,17.3,9,0,15.0,0
426,647,0.282,0.914,40120,33169,4.0,6,0,11.3,1
427,708,0.144,0.592,120179,76479,2.5,15,0,3.7,0
428,806,0.119,0.888,53651,51023,3.8,7,0,13.7,0
429,658,0.352,0.576,35352,19916,3.7,9,1,9.5,1
430,710,0.247,0.569,24253,109115,5.8,17,0,10.3,0
431,619,0.149,0.786,14508,142826,1.2,13,0,3.6,0
432,806,0.233,0.683,6301,32134,0.4,4,0,9.3,0
433,713,0.34,0.776,34347,54790,0.0,12,0,4.4,0
434,624,0.335,1.098,83786,64671,2.3,7,1,10.6,0
435,763,0.385,0.542,155715,70839,2.7,4,1,13.7,0
436,783,0.23,0.628,12574,65373,24.1,6,0,9.9,0
437,711,0.217,0.701,31017,77282,1.7,11,0,16.0,0
438,585,0.313,0.522,35133,152479,5.5,11,0,6.3,0
439,824,0.38,0.432,45855,65330,14.2,10,0,12.6,0
440,721,0.243,0.542,95385,109223,9.4,13,0,10.2,0
441,781,0.376,0.791,24060,103842,0.4,9,1,6.1,1
442,661,0.247,0.574,32981,61562,3.3,8,0,11.3,0
443,672,0.484,0.575,100572,83941,7.7,8,0,8.7,0
444,707,0.108,0.753,39448,109781,0.0,17,0,12.8,0
445,777,0.433,0.529,13217,65107,21.4,8,1,5.5,1
446,710,0.13,0.818,29354,89788,1.8,7,1,0.0,0
447,612,0.402,0.97,99820,61776,4.7,12,1,7.0,1
448,718,0.289,0.723,10352,53470,0.5,5,1,13.3,0
449,814,0.235,0.747,59566,63619,1.1,9,0,12.0,0
450,704,0.189,0.573,8119,41719,3.0,9,0,9.3,0
451,709,0.187,0.723,13583,38520,0.8,8,0,5.4,0
452,611,0.348,0.752,42905,85610,1.9,8,2,10.1,1
453,601,0.326,0.49,54039,46012,4.7,13,0,7.4,0
454,655,0.261,0.536,86403,169716,5.9,10,1,5.5,1
455,677,0.277,0.559,16540,87451,12.5,9,0,5.7,0
456,707,0.193,0.712,31977,68226,2.0,8,0,13.9,0
457,711,0.267,0.601,38742,89285,10.7,14,0,8.6,0
458,812,0.369,0.709,61786,45241,28.1,6,0,7.5,0
459,704,0.189,0.607,12959,79223,18.6,12,0,12.2,0
460,774,0.332,0.845,13036,69671,1.0,9,0,17.3,0
461,697,0.234,0.653,41938,31345,4.0,10,1,13.1,0
462,801,0.127,0.528,42047,86248,7.5,11,3,5.5,1
463,569,0.386,0.925,7676,46303,0.5,8,0,7.6,0
464,658,0.143,0.99,25011,138025,3.6,5,0,12.5,1
465,768,0.234,0.796,133328,78962,16.7,5,0,8.7,0
466,687,0.387,0.75,122011,24660,13.5,10,0,11.8,0
467,765,0.201,0.676,70523,65580,0.3,5,0,10.8,0
468,726,0.374,0.747,38104,32833,10.3,11,0,9.1,0
469,766,0.235,0.519,53998,35008,10.4,7,1,12.5,0
470,742,0.271,0.507,42719,95788,0.5,7,0,18.0,0
471,747,0.468,0.768,16342,28708,7.4,7,0,6.4,0
472,804,0.394,0.502,32334,66127,9.9,10,1,11.1,0
473,769,0.289,0.953,144638,43887,1.6,9,0,6.9,0
474,769,0.215,0.562,17838,95116,9.3,10,2,12.7,0
475,701,0.283,0.762,45088,29286,14.0,7,0,18.3,0
476,659,0.445,0.494,15913,117514,5.4,14,1,9.1,0
477,653,0.497,0.677,45225,53172,1.4,16,0,13.1,0
478,752,0.218,0.743,29769,74381,19.3,10,0,5.4,0
479,529,0.424,0.616,54790,38730,4.2,13,0,4.9,1
480,608,0.122,0.585,106895,103753,9.9,10,0,6.9,0
481,632,0.339,0.64,119842,68396,11.6,4,0,2.6,0
482,682,0.317,0.876,69021,56751,7.8,5,0,6.4,0
483,515,0.384,0.832,72598,62386,1.2,11,1,5.2,1
484,788,0.197,0.846,28315,81237,18.0,10,0,3.4,0
485,742,0.295,0.836,66327,88891,13.0,8,0,12.8,0
486,838,0.094,0.908,29588,52814,6.2,6,0,3.2,0
487,774,0.217,0.802,48512,193743,5.7,13,0,9.9,0
488,772,0.278,0.338,12155,67357,2.8,6,0,10.2,0
489,850,0.299,0.776,20902,62034,17.7,8,0,9.8,0
490,660,0.559,0.748,28365,104907,5.4,10,0,14.2,0
491,594,0.229,0.647,21015,68129,5.5,8,0,18.7,0
492,683,0.282,0.459,22369,55986,6.8,6,0,5.0,0
493,642,0.165,0.578,38398,108428,3.5,8,1,7.7,1
494,682,0.091,0.63,19273,61508,2.8,10,1,6.1,1
495,626,0.37,0.811,18012,39890,10.4,9,0,13.1,0
496,739,0.371,0.788,53091,44058,9.9,4,0,11.7,0
497,735,0.142,0.506,7962,56069,6.2,11,1,4.2,0
498,698,0.111,0.771,48355,213773,7.7,5,1,9.1,0
499,721,0.216,0.392,38553,62980,6.5,12,1,4.4,0
500,690,0.447,0.616,93470,40735,4.3,5,0,6.8,1
501,752,0.131,0.678,111051,41071,12.0,6,0,9.8,0
502,704,0.348,0.792,54478,53762,1.1,3,0,8.7,0
503,681,0.293,0.641,43079,219316,10.9,11,0,10.5,0
504,765,0.25,0.764,23221,179663,1.9,10,0,12.2,0
505,788,0.22,0.724,114018,118699,0.7,7,0,8.0,0
506,793,0.304,0.753,11048,85267,19.7,11,0,11.9,0
507,630,0.249,0.779,45192,67268,6.6,14,0,11.9,0
508,662,0.24,0.638,84153,54142,6.7,5,0,3.9,0
509,580,0.259,0.812,19444,159189,17.2,7,0,8.0,1
510,683,0.391,0.913,9241,63271,1.7,11,2,8.0,0
511,729,0.301,0.656,62885,85278,5.0,14,0,11.3,0
512,690,0.287,0.341,27649,41531,40.0,11,0,13.0,0
513,835,0.418,0.779,25788,60438,3.3,14,0,10.0,0
514,671,0.253,0.683,50086,126951,16.6,10,0,9.0,0
515,623,0.423,0.752,27122,56905,8.2,7,0,14.9,1
516,739,0.212,0.561,39916,77909,7.2,12,0,10.0,0
517,710,0.333,0.611,81611,48210,1.1,12,0,8.3,0
518,738,0.248,0.689,86886,75539,10.3,10,0,10.0,0
519,721,0.273,0.654,38465,51511,0.6,8,0,14.7,0
520,717,0.216,0.672,14849,98797,1.3,9,0,7.7,0
521,551,0.25,0.606,44810,122649,11.5,11,0,4.1,1
522,649,0.21,0.66,32764,56894,4.7,6,0,10.0,0
523,658,0.32,0.783,47999,72752,5.0,7,0,7.2,1
524,675,0.198,0.761,75944,101201,5.5,8,0,9.5,0
525,668,0.334,0.49,45781,30577,1.4,9,0,12.6,0
526,728,0.515,0.712,25766,73205,1.9,5,0,6.1,0
527,742,0.124,0.571,40502,89155,16.0,11,3,10.5,0
528,620,0.05,0.736,35336,138222,5.2,11,1,16.9,1
529,748,0.181,0.859,14228,74711,5.4,10,0,1.5,0
530,741,0.354,0.803,87278,42660,1.3,11,0,14.3,0
531,732,0.209,0.581,31193,82177,11.1,9,1,3.0,0
532,600,0.338,0.694,23499,65074,9.4,6,0,15.3,0
533,730,0.375,0.738,30796,87667,1.6,9,0,12.6,0
534,705,0.255,0.748,16086,144782,5.2,7,0,8.6,0
535,767,0.368,0.552,58723,84593,15.5,18,0,9.4,0
536,824,0.053,0.759,128347,155255,0.7,8,0,6.4,0
537,811,0.363,0.728,94333,37701,6.7,12,0,7.4,0
538,707,0.36,0.537,50471,54633,6.8,6,0,10.1,0
539,699,0.27,0.734,31045,137719,0.5,9,0,12.3,0
540,744,0.38,0.613,37765,108567,8.5,8,0,11.8,0
541,621,0.424,0.545,58299,70791,0.6,9,1,6.1,0
542,598,0.473,0.62,41689,68925,2.1,10,0,11.9,0
543,666,0.474,0.537,61736,87880,17.7,7,0,12.8,0
544,785,0.286,0.572,21856,35858,8.8,16,0,10.5,0
545,676,0.266,0.902,41087,117070,3.1,7,0,13.6,1
546,805,0.272,0.486,30348,46472,3.4,12,0,2.3,0
547,504,0.05,0.797,34052,43345,0.1,4,0,7.9,0
548,588,0.35,0.75,94402,29590,0.3,16,1,11.0,1
549,691,0.515,0.908,43651,117417,15.0,10,0,11.2,0
550,762,0.337,0.98,39704,86564,0.8,8,0,17.4,1
551,695,0.138,0.658,17836,109344,10.3,9,0,11.8,0
552,693,0.181,0.727,31204,293432,0.7,11,0,15.6,0
553,691,0.186,0.69,14715,44316,5.9,9,1,10.9,0
554,576,0.446,0.515,30748,75127,1.5,11,0,9.0,0
555,781,0.33,0.614,40468,31251,21.2,10,0,11.2,0
556,652,0.344,1.095,32906,22539,25.8,6,0,13.4,0
557,776,0.315,0.744,50256,62662,3.1,13,0,11.7,1
558,695,0.169,0.447,32248,71195,12.1,10,1,0.0,1
559,774,0.186,0.775,8381,47294,2.4,16,0,12.2,0
560,724,0.348,0.838,31543,143613,9.7,7,0,9.0,0
561,692,0.289,0.786,74414,81002,1.4,7,0,12.3,0
562,715,0.094,0.461,12176,109530,7.1,4,0,3.2,0
563,596,0.359,0.72,93835,49626,21.9,10,0,9.7,0
564,700,0.422,0.435,78967,104022,1.4,10,0,12.7,0
565,820,0.281,0.643,14830,98988,1.3,6,0,12.2,0
566,791,0.248,0.262,36644,92172,4.1,10,1,8.7,0
567,631,0.417,0.404,21239,57150,22.3,10,0,7.0,1
568,735,0.26,0.73,84739,38746,4.1,4,0,1.4,0
569,717,0.219,0.845,22817,67138,1.6,12,1,8.1,0
570,757,0.126,0.663,45782,54488,0.2,5,0,12.6,0
571,706,0.231,0.783,39057,134502,3.2,11,0,7.9,0
572,683,0.467,0.963,26587,107262,9.3,5,0,12.0,0
573,793,0.396,0.528,26752,87712,2.4,15,0,9.2,0
574,715,0.292,0.775,22797,32987,4.2,4,0,4.5,0
575,787,0.279,0.868,11067,76299,1.4,9,1,5.7,0
576,768,0.379,0.707,45247,39533,8.6,12,0,11.7,0
577,677,0.29,0.741,18891,102092,4.1,11,0,11.8,0
578,688,0.154,0.754,27782,89793,0.7,8,0,4.4,0
579,835,0.294,0.614,107316,61776,2.8,10,0,9.4,0
580,713,0.298,0.869,21102,83680,9.0,7,0,3.9,0
581,646,0.281,0.488,89434,31051,7.8,17,1,10.8,0
582,615,0.306,0.619,67212,59215,10.1,4,0,8.7,0
583,768,0.211,0.7,25697,58370,16.7,6,0,10.7,0
584,711,0.296,0.821,54517,64862,5.1,6,0,4.9,0
585,644,0.12,0.514,45966,48758,1.0,9,1,8.4,1
586,747,0.188,0.82,27330,255779,4.7,6,0,7.2,0
587,711,0.256,0.662,134960,61377,0.0,13,1,13.4,1
588,583,0.34,0.832,7174,184355,5.4,11,0,5.6,1
589,741,0.25,1.005,33591,73411,18.1,11,1,9.8,0
590,793,0.324,0.822,14553,167671,28.7,8,0,9.6,0
591,850,0.382,0.73,92919,56508,25.6,7,0,12.6,0
592,702,0.522,0.733,92080,64094,1.7,8,0,0.0,0
593,716,0.251,0.777,9444,28622,8.0,7,1,8.0,0
594,812,0.216,0.771,25158,44294,2.5,7,0,8.9,0
595,711,0.284,0.553,46325,49692,2.5,12,0,9.8,1
596,719,0.3,0.717,26980,112557,3.6,11,0,0.5,0
597,655,0.335,0.764,60417,61347,7.5,9,0,13.6,0
598,602,0.361,0.538,36585,32996,1.0,9,1,15.7,0
599,763,0.252,0.664,15020,75801,6.1,11,1,12.7,0
600,610,0.353,0.472,227549,154986,13.2,8,0,13.4,0
601,779,0.288,0.284,70523,217968,7.1,10,0,13.0,0
602,644,0.403,0.65,51152,119537,5.0,14,1,7.9,1
603,718,0.252,0.632,37110,101203,2.5,9,0,13.3,0
604,673,0.294,0.909,37506,158386,1.4,11,0,14.6,0
605,782,0.307,0.466,18157,106857,1.2,11,0,7.1,0
606,721,0.393,0.769,20678,60000,3.8,6,1,11.6,0
607,837,0.28,0.708,44388,101350,8.3,12,0,17.5,0
608,624,0.176,0.84,38294,94616,4.0,9,0,6.3,0
609,728,0.11,0.616,14041,51564,7.5,9,1,5.5,1
610,703,0.383,0.771,36344,89908,26.4,9,1,6.5,0
611,719,0.344,0.532,54604,41043,20.6,12,0,10.6,0
612,811,0.446,0.747,29883,130993,2.7,6,0,4.8,0
613,740,0.289,0.701,52008,63113,4.0,8,0,11.7,0
614,619,0.289,0.606,99798,90007,0.9,9,0,14.5,0
615,737,0.298,0.851,32443,90738,3.2,3,0,7.0,0
616,670,0.226,0.7,17806,96509,11.1,9,2,9.2,0
617,666,0.21,0.785,69430,129700,13.0,8,0,13.5,0
618,773,0.324,0.914,51183,131437,0.4,10,0,8.5,0
619,657,0.398,0.878,78066,78385,5.5,11,0,5.9,0
620,673,0.34,0.841,57489,39700,8.4,9,0,5.4,0
621,702,0.232,0.649,10212,118832,7.0,3,0,6.4,0
622,766,0.322,0.732,75483,28476,8.3,4,0,3.1,0
623,740,0.298,0.763,64946,80099,26.6,8,0,8.8,0
624,683,0.224,0.808,11393,131071,0.8,5,2,19.1,0
625,680,0.158,0.767,138219,67404,8.9,6,0,10.8,0
626,618,0.197,0.597,16981,47588,12.8,6,0,10.7,0
627,646,0.4,0.644,23073,141483,11.4,11,0,10.7,1
628,654,0.305,0.651,308832,48703,6.4,11,0,2.7,0
629,689,0.219,0.624,39422,51714,9.5,4,0,3.3,0
630,839,0.288,0.795,89237,71825,1.2,7,0,7.8,0
631,652,0.341,0.413,45339,48991,6.9,4,0,9.3,0
632,679,0.226,0.588,51369,113546,3.5,10,0,6.0,0
633,556,0.203,0.634,176028,74670,8.8,12,0,3.4,1
634,742,0.102,0.869,50415,28959,12.4,8,0,9.0,0
635,589,0.389,0.533,83517,111037,4.8,13,0,18.1,1
636,636,0.339,0.758,52190,84056,0.2,6,1,15.6,1
637,772,0.347,0.698,26566,104442,3.2,9,1,11.0,0
638,552,0.336,0.581,112515,79168,5.3,9,1,6.8,0
639,706,0.077,0.991,8818,112156,0.5,9,2,9.7,0
640,756,0.291,0.787,18435,60201,0.7,11,1,9.1,0
641,806,0.325,0.605,63878,49930,1.8,7,1,13.2,0
642,635,0.287,0.857,9260,55440,13.7,7,0,16.1,0
643,656,0.05,0.686,39545,93167,7.0,15,0,15.1,0
644,826,0.268,0.502,25461,95128,9.3,4,0,11.7,0
645,698,0.254,0.236,27174,96064,10.4,9,0,0.0,0
646,648,0.384,0.778,28671,179015,7.4,6,0,8.8,0
647,649,0.27,0.742,31945,34358,6.4,10,0,11.7,0
648,631,0.228,0.548,18797,82347,5.4,7,0,4.2,0
649,669,0.228,0.457,19522,60745,9.9,17,0,13.7,0
650,776,0.352,0.568,64331,55516,6.4,6,1,6.4,0
651,762,0.347,0.603,17397,82442,4.8,6,0,9.1,0
652,617,0.259,0.749,133099,72637,9.9,11,0,9.2,0
653,715,0.24,0.722,15820,86165,2.1,7,0,11.4,0
654,671,0.05,0.618,29427,46935,0.2,11,0,5.3,0
655,754,0.076,0.418,26996,27963,15.7,10,0,11.8,0
656,689,0.196,0.495,31312,64179,24.5,12,0,9.7,0
657,726,0.266,0.919,23353,55844,8.1,7,0,7.9,0
658,688,0.201,0.613,26560,84104,10.9,9,0,3.8,0
659,546,0.129,0.866,221933,92145,0.3,10,0,11.5,0
660,703,0.276,0.816,15274,65704,1.1,7,0,0.0,0
661,610,0.278,0.432,48076,74145,14.5,9,0,6.4,0
662,752,0.411,0.796,23627,196254,3.9,7,0,12.9,0
663,652,0.244,0.523,41826,45280,0.2,9,0,7.2,1
664,657,0.257,0.54,68069,239839,1.4,10,0,7.5,0
665,699,0.208,0.799,30398,241861,5.9,5,0,9.9,0
666,740,0.54,0.599,31037,115689,5.1,5,0,5.8,0
667,688,0.344,0.448,19784,145373,1.8,9,0,12.4,0
668,814,0.197,0.506,29797,32255,25.3,11,0,8.4,0
669,815,0.083,0.619,36058,51010,9.7,14,2,6.6,0
670,820,0.151,0.78,21685,99484,8.7,8,0,4.8,0
671,683,0.188,0.456,22170,58611,6.5,7,0,11.3,0
672,596,0.144,0.685,121073,76796,10.3,4,0,7.3,1
673,785,0.268,0.926,22165,33189,0.9,15,0,9.4,0
674,670,0.178,0.481,23228,59795,16.7,12,1,16.3,0
675,702,0.119,0.601,7330,19406,11.4,7,0,11.1,0
676,743,0.344,0.608,20770,59643,20.0,7,0,3.3,0
677,587,0.126,0.536,20119,140890,0.7,10,0,10.8,0
678,814,0.05,0.802,24221,48316,0.0,9,1,6.0,0
679,761,0.374,0.663,126987,82953,10.8,4,0,9.9,0
680,724,0.459,0.667,10605,164272,29.7,12,0,7.0,0
681,762,0.284,0.901,195180,29920,9.4,7,0,1.5,0
682,738,0.349,0.721,10873,94170,18.6,9,0,12.0,0
683,708,0.347,0.669,154922,81759,4.0,15,1,12.1,0
684,678,0.516,0.67,64491,62718,1.7,13,1,10.7,0
685,648,0.181,0.562,26767,135313,16.4,7,0,1.9,0
686,720,0.235,0.861,89044,150045,0.0,11,0,10.2,0
687,725,0.236,0.612,9961,81379,6.1,12,0,15.4,0
688,775,0.285,0.684,31196,75167,8.2,8,0,14.0,0
689,714,0.259,0.372,15828,70583,0.3,19,0,10.3,0
690,640,0.272,0.776,20343,111482,17.0,7,0,6.5,0
691,589,0.294,0.893,40253,128163,17.3,4,0,7.1,0
692,691,0.478,0.867,41890,133003,22.0,8,0,13.5,0
693,698,0.307,0.523,95862,116205,11.8,9,1,9.5,0
694,693,0.363,0.77,47051,81733,4.4,11,0,10.8,0
695,592,0.347,0.688,22660,49599,5.5,11,0,13.9,1
696,775,0.316,0.587,28880,71236,10.2,9,0,0.0,0
697,775,0.253,0.759,15469,92354,5.0,11,0,4.7,0
698,642,0.36,0.78,68123,94575,6.5,14,0,2.6,0
699,756,0.105,0.747,19400,127587,13.2,9,0,5.4,0
700,766,0.434,0.754,35338,32493,0.8,9,0,12.3,0
701,702,0.347,0.666,30298,146627,16.9,14,0,10.6,1
702,633,0.29,0.928,99178,45294,2.0,9,0,14.7,0
703,812,0.279,0.553,25982,327789,0.2,11,0,7.1,0
704,726,0.302,0.739,116216,114373,0.2,10,0,8.3,0
705,682,0.361,0.479,33192,176306,15.5,12,0,14.2,0
706,754,0.326,0.665,73059,32376,8.9,14,0,4.8,0
707,813,0.417,0.718,27263,65855,14.5,10,0,11.1,0
708,665,0.451,0.706,25461,56152,5.2,9,0,6.1,0
709,748,0.389,0.783,73412,78163,5.9,7,0,9.4,0
710,836,0.131,0.56,49005,81087,1.1,11,0,6.4,0
711,621,0.228,0.558,373371,26930,21.3,5,0,5.8,0
712,661,0.378,0.49,24965,36232,3.4,11,0,12.5,0
713,658,0.493,0.555,53931,138068,5.4,5,0,5.5,0
714,688,0.221,0.577,24495,59552,2.8,10,0,7.7,0
715,685,0.34,0.552,20003,26032,1.9,5,0,14.1,0
716,721,0.403,0.474,57542,59033,5.2,13,0,7.1,0
717,642,0.291,0.729,56641,28167,5.1,9,0,8.7,0
718,656,0.158,0.638,9976,42847,27.5,11,0,8.3,0
719,721,0.476,0.702,17535,40301,5.5,7,0,12.0,0
720,710,0.193,0.62,103889,56480,11.1,8,0,6.6,0
721,761,0.206,1.003,24740,87490,11.2,6,0,3.1,0
722,728,0.307,0.383,45786,138194,7.3,7,0,8.2,0
723,754,0.286,0.59,70448,31053,2.2,7,0,12.8,0
724,619,0.188,0.452,25294,187273,14.0,9,0,9.0,1
725,673,0.448,0.785,43252,75271,6.0,7,0,7.0,0
726,829,0.332,0.585,10050,61719,16.8,4,1,5.7,0
727,727,0.371,0.72,18575,47062,0.4,8,0,12.5,0
728,752,0.276,0.494,9474,183407,0.5,7,0,10.5,0
729,719,0.279,0.684,36401,168350,10.5,9,0,7.0,0
730,729,0.412,0.657,13533,33788,0.9,11,0,10.5,0
731,683,0.228,0.598,16378,86934,3.4,10,0,13.6,0
732,850,0.244,1.1,19510,79735,1.8,11,0,12.5,0
733,672,0.327,0.722,81252,60772,4.7,10,0,9.9,0
734,697,0.37,0.398,11053,52296,1.4,8,0,7.2,0
735,530,0.371,1.006,36401,46468,15.0,6,0,9.7,1
736,777,0.186,0.654,48651,123611,19.9,12,0,1.5,0
737,661,0.172,0.51,51980,84919,6.1,5,0,8.4,0
738,695,0.195,0.572,15640,48316,1.5,8,0,3.4,0
739,663,0.368,0.821,14844,131914,8.5,9,0,3.2,0
740,690,0.368,0.841,38357,78781,9.7,3,0,7.5,0
741,680,0.312,0.752,76057,103938,3.0,11,0,7.8,0
742,696,0.31,0.57,52490,62774,3.1,12,1,14.2,0
743,696,0.115,0.783,128416,95316,3.9,7,0,13.6,0
744,689,0.312,0.72,33240,69149,0.4,9,0,10.8,0
745,688,0.123,0.706,35187,64446,3.5,7,0,8.5,0
746,791,0.363,0.692,108029,296314,2.2,18,0,8.8,0
747,761,0.248,0.642,5279,90379,2.2,10,0,15.5,0
748,762,0.304,0.703,136234,59575,1.1,9,0,12.2,0
749,648,0.259,0.601,13235,115899,4.1,10,1,12.8,0
750,787,0.272,0.779,27969,49923,3.8,8,1,11.3,0
751,779,0.169,0.715,135865,113733,1.3,10,1,9.8,0
752,661,0.263,0.971,42558,40647,2.3,10,0,17.3,0
753,806,0.274,0.501,22249,202831,0.4,10,0,4.4,0
754,652,0.301,0.867,36890,18186,2.8,7,1,8.3,1
755,571,0.334,0.545,92302,81134,1.8,11,0,11.9,1
756,777,0.328,0.593,31108,73457,5.1,9,0,16.0,0
757,691,0.307,0.665,20621,111636,1.9,10,1,17.8,1
758,768,0.215,0.914,60745,139710,4.4,6,0,10.0,0
759,647,0.15,0.549,101716,36215,12.0,12,0,14.3,0
760,611,0.18,0.837,66250,66730,8.0,10,0,14.0,0
761,786,0.198,0.829,8717,89383,4.1,7,1,16.7,0
762,601,0.365,0.863,32958,55467,0.7,10,0,8.5,0
763,590,0.388,0.588,13330,77933,0.1,6,1,8.4,1
764,565,0.2,0.805,53323,74318,8.7,8,0,11.9,0
765,504,0.164,0.684,20960,54774,1.7,9,0,12.9,0
766,627,0.118,0.752,48667,52546,14.0,10,0,9.8,0
767,548,0.218,0.617,51794,73228,0.6,11,0,3.8,1
768,697,0.322,0.389,36245,150656,5.6,7,0,16.3,0
769,543,0.171,0.71,112579,38078,4.6,8,0,14.6,0
770,623,0.399,0.799,29876,94914,10.3,12,1,8.8,0
771,850,0.317,0.819,15017,51796,15.7,10,0,14.3,0
772,724,0.387,0.735,54913,60359,2.9,11,0,13.1,1
773,703,0.2,0.627,26666,63932,0.3,8,0,11.9,0
774,586,0.351,0.568,48625,31186,1.4,8,1,11.9,1
775,682,0.169,0.803,92684,55810,1.1,8,1,8.6,0
776,703,0.349,0.816,26942,75550,0.7,8,0,0.0,0
777,587,0.424,0.674,27604,30569,2.3,3,0,10.7,1
778,708,0.423,0.719,54580,82257,6.1,10,0,7.2,0
779,783,0.227,0.708,81780,70489,3.9,13,0,11.0,0
780,675,0.192,0.606,49558,115563,13.8,9,0,12.7,0
781,686,0.263,0.813,14050,100222,4.4,5,1,7.5,0
782,557,0.437,0.9,73559,37055,2.4,6,2,11.2,1
783,602,0.144,0.43,20421,97120,20.3,14,0,4.4,0
784,774,0.129,0.759,5182,77835,0.1,7,0,13.1,0
785,653,0.075,0.742,90481,65286,7.3,10,0,8.2,0
786,634,0.289,0.656,12446,52171,1.2,16,0,8.4,0
787,651,0.11,0.533,80609,41670,4.9,7,1,3.4,0
788,695,0.399,0.942,78272,82013,17.9,12,0,2.4,0
789,618,0.444,0.653,26955,53965,1.5,7,0,11.3,1
790,708,0.266,0.941,54951,53530,2.6,2,0,7.4,1
791,604,0.519,0.812,61700,34339,3.0,10,0,16.6,1
792,754,0.303,0.689,9993,109124,21.0,5,1,5.6,0
793,626,0.23,0.654,32675,50176,7.1,7,0,13.0,0
794,792,0.228,0.708,42902,103963,2.1,18,1,9.6,0
795,699,0.423,0.76,14604,130725,9.3,12,0,9.6,0
796,640,0.359,0.707,20552,56339,1.4,7,0,6.5,0
797,763,0.077,0.619,85296,149248,1.3,9,0,5.7,0
798,603,0.092,0.845,63332,166584,2.0,9,0,7.7,0
799,661,0.133,0.93,24347,85094,20.3,13,2,14.3,0
800,699,0.221,0.677,11895,144795,1.8,7,0,8.4,0
801,691,0.15,0.704,4666,41938,7.8,9,2,13.0,0
802,559,0.204,0.793,27587,243406,5.1,9,0,14.6,0
803,635,0.198,0.629,95739,126409,1.1,11,0,6.7,0
804,711,0.168,0.366,28814,59410,8.5,10,0,7.0,0
805,607,0.492,0.703,67812,108692,3.2,6,0,8.9,1
806,788,0.422,0.842,87456,62557,15.7,9,0,7.4,0
807,734,0.458,0.486,146183,52782,0.1,10,0,9.3,0
808,664,0.448,0.356,21549,53376,3.1,9,0,9.7,0
809,684,0.273,0.769,18386,215295,3.4,9,0,2.9,1
810,830,0.291,0.529,56605,135448,6.7,9,1,17.1,0
811,765,0.187,0.469,16939,48174,6.1,5,0,2.2,0
812,726,0.295,0.503,57931,58775,8.5,4,0,7.5,0
813,600,0.18,0.729,37794,77706,24.8,13,0,6.8,0
814,814,0.12,0.876,15907,46651,15.3,16,0,5.5,0
815,773,0.203,0.475,143190,55453,2.2,13,0,7.5,0
816,689,0.367,0.712,9213,89547,2.7,12,0,4.9,0
817,661,0.29,0.724,10496,134880,2.8,12,0,2.8,0
818,686,0.34,0.711,38796,61400,12.6,10,1,7.2,0
819,615,0.282,0.775,252847,23078,0.0,14,0,9.9,0
820,667,0.188,0.676,22177,124612,0.7,8,0,11.0,0
821,753,0.332,0.465,20833,252634,0.6,12,0,8.3,0
822,573,0.289,0.715,46565,45088,1.3,11,0,10.6,1
823,678,0.412,0.837,22566,88765,5.7,9,0,4.2,0
824,707,0.415,0.641,25668,105189,1.1,11,0,11.4,0
825,707,0.25,0.556,108826,50353,11.4,8,0,7.8,0
826,617,0.292,0.801,53905,102997,11.8,16,0,12.8,0
827,617,0.19,0.6,48071,76976,3.0,10,1,10.0,0
828,776,0.194,0.642,36267,68818,1.7,5,0,5.5,0
829,614,0.222,0.805,8058,82316,1.1,7,0,2.3,0
830,770,0.329,0.766,16401,83334,5.4,10,0,11.1,0
831,666,0.228,1.036,10562,16953,4.7,12,0,10.6,0
832,775,0.435,0.621,45173,75235,0.0,10,0,8.1,0
833,670,0.327,0.85,32395,168783,2.6,13,0,6.1,0
834,618,0.253,0.55,52781,55194,4.9,8,0,11.0,0
835,759,0.382,0.998,180673,99618,1.2,9,1,10.8,0
836,698,0.207,0.899,49199,58398,2.3,12,0,6.8,0
837,801,0.216,0.796,11312,115301,9.4,5,0,11.3,0
838,762,0.415,0.479,25144,39519,3.4,9,1,7.2,0
839,683,0.149,0.761,84277,54382,1.3,8,0,6.6,0
840,668,0.265,0.577,60897,32795,11.1,8,0,0.5,1
841,701,0.242,0.791,55291,120824,7.1,13,0,6.6,0
842,713,0.207,0.706,13359,136756,6.9,8,0,7.6,0
843,638,0.379,0.655,15989,32644,0.6,12,0,3.5,0
844,758,0.366,0.974,93594,106122,3.7,5,0,10.7,0
845,672,0.348,0.556,12850,136983,1.9,9,0,13.0,0
846,670,0.282,0.603,33276,67922,6.4,8,0,7.5,0
847,662,0.344,0.791,24554,26343,0.4,13,1,9.4,1
848,716,0.08,0.594,14146,141727,7.9,16,1,6.0,0
849,651,0.24,0.599,64190,100148,6.3,7,0,1.9,0
850,709,0.284,0.821,80281,43001,3.4,12,0,15.7,0
851,850,0.221,0.819,102766,25680,3.7,4,0,15.0,0
852,696,0.299,0.974,18351,49843,4.3,4,0,9.7,0
853,669,0.518,0.775,15190,97245,1.8,8,0,17.5,1
854,583,0.291,0.844,22635,131941,4.2,10,1,0.0,0
855,703,0.321,0.688,42090,67142,3.8,9,0,12.5,0
856,622,0.3,0.647,38178,70985,8.7,12,0,7.8,0
857,673,0.16,0.709,137149,25098,4.3,8,1,14.4,0
858,710,0.131,0.6,111218,78992,5.6,8,0,5.8,0
859,578,0.118,0.855,32721,75393,4.6,10,0,12.2,1
860,711,0.308,0.562,34516,36857,7.3,6,1,10.5,0
861,721,0.076,0.801,20239,302162,2.6,10,0,9.5,0
862,609,0.344,0.992,50835,52869,0.5,13,0,16.4,0
863,672,0.26,0.67,40609,56377,1.9,10,0,18.8,0
864,571,0.325,0.874,42786,106970,9.0,13,0,7.6,1
865,810,0.147,0.738,31870,47866,2.0,10,0,3.0,0
866,723,0.435,0.695,73048,106945,10.7,4,2,8.9,1
867,687,0.274,0.808,27991,85594,2.8,11,0,12.2,0
868,688,0.091,0.783,122919,90168,0.7,5,1,3.2,0
869,779,0.403,0.759,8550,155052,1.7,13,0,4.6,0
870,693,0.153,0.687,65288,69440,8.6,9,2,7.1,1
871,723,0.158,0.58,27052,32025,12.5,18,0,5.4,0
872,806,0.16,0.933,18403,32129,16.8,13,0,17.3,0
873,675,0.249,0.726,88554,171509,4.1,7,0,5.8,0
874,623,0.339,0.809,12248,114451,8.0,7,0,4.2,0
875,642,0.336,1.003,30529,52104,4.2,13,0,13.0,0
876,800,0.532,0.833,40888,26023,6.6,14,0,6.8,0
877,706,0.214,0.527,120101,57071,5.4,9,0,16.7,0
878,664,0.234,0.517,46584,69440,6.2,7,0,9.5,0
879,768,0.144,0.985,7533,75620,0.6,8,0,16.1,0
880,769,0.17,0.433,149903,186666,0.2,9,0,10.0,0
881,666,0.392,0.574,63513,59327,3.6,14,0,14.1,0
882,631,0.23,0.785,41216,122096,6.8,11,0,11.0,0
883,590,0.325,0.728,69311,25925,2.1,5,0,1.8,0
884,574,0.283,0.462,44178,130465,2.3,13,0,9.9,0
885,681,0.175,0.699,24044,118846,14.2,7,1,19.2,0
886,637,0.198,0.984,16593,55130,26.5,10,2,16.3,1
887,830,0.092,0.55,7272,91617,19.7,8,0,12.3,0
888,704,0.26,0.448,10255,82468,4.4,6,0,6.1,0
889,564,0.288,0.584,27961,115608,7.6,8,0,10.0,0
890,799,0.25,0.699,26055,49025,12.3,7,0,3.6,0
891,711,0.379,0.62,34543,30978,9.7,6,0,2.0,0
892,749,0.148,0.835,43637,72078,6.5,15,0,9.8,0
893,747,0.285,0.856,8611,57355,0.6,7,0,6.1,0
894,720,0.18,0.887,49413,27529,0.6,4,0,13.1,0
895,736,0.318,0.824,10480,108257,0.2,13,1,2.8,1
896,716,0.19,0.646,34557,115668,4.9,11,0,13.4,0
897,622,0.361,0.6,60982,118759,10.0,10,1,12.3,0
898,725,0.344,0.689,21339,65389,12.5,11,2,6.3,1
899,771,0.313,0.836,4314,88958,5.4,8,0,1.1,0
900,685,0.306,0.551,28840,89147,1.5,8,1,7.1,0
901,738,0.309,0.729,24676,46691,4.9,12,0,15.2,0
902,729,0.313,0.836,15384,96746,6.4,7,0,4.7,0
903,827,0.333,0.852,23603,75264,4.0,11,0,4.7,0
904,682,0.245,0.776,28368,65875,14.3,9,0,7.2,0
905,679,0.168,0.519,39537,147771,6.1,12,0,3.9,0
906,691,0.276,0.646,21305,90950,8.8,12,0,8.2,0
907,692,0.331,0.668,23615,192303,11.6,9,0,7.8,0
908,540,0.331,0.398,28878,84099,2.7,9,1,10.2,1
909,655,0.453,0.547,81089,37195,5.7,10,0,6.8,0
910,720,0.23,0.894,70898,78339,7.9,6,0,8.0,0
911,699,0.139,0.614,17878,250860,19.2,6,2,13.2,0
912,644,0.226,0.458,59596,63434,5.7,3,0,2.9,0
913,653,0.238,0.754,76520,108675,14.8,7,0,7.0,0
914,675,0.2,0.858,22994,176851,6.9,8,0,11.0,0
915,643,0.176,0.417,32233,123905,1.0,11,0,10.8,0
916,664,0.266,0.653,65182,78717,3.3,10,0,4.2,1
917,662,0.273,0.549,39523,104071,6.3,4,0,10.3,0
918,762,0.176,0.559,33632,99347,5.5,15,0,10.2,0
919,771,0.166,0.534,18821,75634,5.6,12,0,9.7,0
920,765,0.317,0.716,15461,88847,24.9,9,0,6.7,0
921,729,0.327,0.667,48924,136921,5.1,5,1,7.6,0
922,650,0.198,0.889,24267,188437,5.4,5,0,2.3,0
923,767,0.263,0.523,89455,53170,18.4,11,1,7.4,0
924,678,0.33,0.906,58345,50212,1.5,12,1,8.1,0
925,701,0.293,0.684,83227,67846,6.6,6,1,8.5,0
926,793,0.436,0.696,30582,133828,13.5,10,0,5.3,0
927,705,0.146,0.558,18919,94799,1.8,9,0,12.2,0
928,717,0.124,0.744,19861,61025,1.0,9,0,5.3,0
929,601,0.352,0.888,33598,55923,0.9,8,1,10.3,1
930,734,0.315,0.547,27171,226814,20.7,8,0,8.7,0
931,631,0.225,0.849,22826,56583,0.5,11,0,7.1,0
932,770,0.389,0.577,26829,108828,0.7,14,0,9.2,0
933,687,0.216,0.611,20344,102336,1.6,12,1,6.1,0
934,543,0.331,0.719,4194,52582,4.3,10,0,10.8,1
935,674,0.262,0.674,60973,51557,10.5,18,1,16.3,0
936,684,0.202,0.665,31962,287446,0.7,8,1,10.7,0
937,733,0.238,0.678,39819,99030,13.6,8,0,15.0,0
938,746,0.397,0.984,22272,52851,1.4,7,1,1.3,0
939,677,0.241,0.704,56155,51941,20.8,10,0,8.8,0
940,770,0.431,0.517,7125,89608,2.4,8,0,8.9,0
941,478,0.296,0.497,21230,235951,2.5,11,0,7.9,1
942,650,0.255,0.636,382544,47046,0.8,7,0,10.9,0
943,622,0.18,0.965,51808,192040,0.5,7,0,5.7,1
944,612,0.348,1.066,24165,32655,4.8,9,0,12.2,0
945,767,0.301,0.823,71127,22476,13.6,6,0,15.2,0
946,758,0.272,0.497,25194,47423,0.6,12,0,8.5,0
947,645,0.29,0.541,14656,119531,0.4,10,1,5.6,1
948,782,0.268,0.502,17206,101481,4.0,3,0,12.1,0
949,707,0.16,0.543,20661,113323,3.8,6,0,13.0,0
950,670,0.345,0.321,10624,94722,13.7,12,0,11.9,1
951,651,0.466,0.765,20806,86799,1.4,6,0,5.3,1
952,645,0.45,0.587,10179,43466,10.9,9,0,7.3,0
953,733,0.291,0.959,39409,57295,2.5,8,0,3.8,0
954,745,0.255,0.742,28618,90636,0.3,12,0,7.2,0
955,716,0.288,0.789,60925,117645,3.2,14,0,17.0,0
956,556,0.218,0.409,27502,71072,3.5,5,0,10.4,0
957,720,0.308,0.605,32301,69967,6.9,5,0,3.4,0
958,739,0.317,0.497,18045,37566,2.0,13,0,11.4,0
959,653,0.16,0.434,19064,104386,0.1,6,1,7.1,0
960,703,0.247,0.767,11436,124834,1.0,8,0,2.8,0
961,569,0.367,0.69,37658,55253,2.0,19,1,13.1,0
962,613,0.37,0.448,47644,216994,19.9,11,0,9.0,0
963,677,0.154,0.877,45203,76165,2.3,11,0,3.5,0
964,678,0.39,0.773,7142,40831,16.2,7,0,4.2,0
965,724,0.251,0.584,17519,47269,6.1,8,1,12.8,0
966,616,0.277,0.763,58336,24021,2.6,11,1,7.3,1
967,676,0.264,0.704,37719,145660,7.9,10,0,8.9,0
968,665,0.069,0.588,59027,37930,0.6,10,0,9.4,0
969,736,0.322,0.571,79884,93523,12.2,11,0,17.4,0
970,799,0.119,0.786,19963,47715,6.2,11,0,7.0,0
971,820,0.363,0.729,103270,77443,4.6,5,1,5.2,0
972,590,0.15,0.455,68002,47062,4.9,16,0,6.3,0
973,696,0.386,0.795,9212,54604,15.4,4,0,15.4,0
974,622,0.303,0.491,17861,31294,0.9,14,0,8.1,0
975,695,0.341,0.599,95251,46570,1.5,12,0,7.5,0
976,729,0.208,0.806,28863,50468,9.0,9,0,10.2,0
977,705,0.099,0.656,5200,60876,3.4,12,0,10.1,0
978,696,0.182,0.814,56794,81416,2.6,13,0,9.7,0
979,803,0.312,0.967,60357,32962,5.4,10,0,10.9,0
980,750,0.326,0.571,29274,44384,3.4,8,0,9.0,0
981,680,0.194,0.772,74811,83298,7.9,12,0,9.2,0
982,701,0.413,0.811,2542,126699,2.0,7,0,4.7,0
983,760,0.278,0.868,28486,90637,0.7,8,0,11.7,0
984,742,0.116,0.7,21183,60070,1.6,9,0,11.0,0
985,670,0.307,0.546,61451,39175,4.1,11,1,0.0,0
986,575,0.203,0.45,9836,26015,5.0,14,0,17.1,0
987,617,0.362,0.791,33500,123058,6.8,11,0,7.8,0
988,710,0.302,0.833,35692,73265,18.4,9,0,3.0,0
989,574,0.295,0.829,30688,142634,3.1,8,1,4.8,1
990,689,0.251,0.779,27602,28783,12.7,7,2,7.9,0
991,668,0.392,0.524,61659,28495,0.7,10,0,5.8,0
992,769,0.189,0.823,14559,46076,13.5,12,0,14.5,0
993,607,0.314,0.393,16384,43708,0.9,5,0,10.8,0
994,564,0.284,0.797,8064,31105,7.8,8,1,16.3,0
995,670,0.177,0.521,21860,122263,2.5,10,0,14.2,0
996,744,0.272,0.512,32910,59812,31.1,9,0,10.4,0
997,774,0.185,0.467,40687,67365,11.4,7,0,13.4,0
998,636,0.484,0.401,11032,102999,9.6,7,0,2.6,0
999,732,0.382,0.817,9368,55253,5.0,16,0,11.8,0
1000,622,0.117,0.477,41480,62653,3.8,2,0,5.3,0
1001,647,0.235,0.728,14609,46134,3.8,6,0,7.1,0
1002,739,0.341,0.907,124703,49694,0.9,7,1,10.2,0
1003,750,0.397,0.51,70127,37590,11.7,9,0,12.7,0
1004,630,0.367,0.776,8406,83396,0.9,9,0,4.8,1
1005,733,0.47,0.511,32880,110477,2.2,3,0,9.6,0
1006,569,0.293,0.597,26588,93156,16.3,8,1,11.9,0
1007,685,0.408,0.535,17005,91094,1.5,7,1,12.5,0
1008,620,0.164,0.57,109204,80908,1.7,6,0,12.7,0
1009,643,0.367,0.774,20765,32529,0.5,9,1,10.2,1
1010,610,0.259,0.696,16408,99178,12.6,10,0,11.5,0
1011,738,0.265,0.472,7838,34573,3.6,12,0,13.0,0
1012,738,0.418,0.485,15907,112773,3.9,3,0,7.0,0
1013,651,0.377,0.884,48739,89730,0.5,6,0,10.0,1
1014,726,0.263,0.441,17887,42397,16.0,6,0,5.8,0
1015,718,0.535,0.902,61378,160390,3.0,7,0,8.8,0
1016,691,0.406,0.562,65243,109698,7.0,7,0,9.2,0
1017,850,0.236,0.688,33066,90452,3.4,11,0,13.9,0
1018,641,0.05,0.713,91947,81582,7.6,8,0,5.8,0
1019,701,0.308,0.608,31018,245866,1.5,7,0,7.7,0
1020,673,0.241,0.765,24743,83025,0.4,4,0,8.7,0
1021,673,0.217,0.644,65189,77488,10.4,11,1,5.6,0
1022,711,0.23,0.549,35897,64360,7.5,8,0,10.8,0
1023,679,0.295,0.561,80675,176205,3.6,6,0,10.0,0
1024,639,0.411,0.631,21891,58941,0.2,11,0,16.2,1
1025,708,0.182,0.919,142273,97370,11.7,7,1,2.6,0
1026,782,0.273,0.683,45778,76939,14.8,6,1,10.4,0
1027,765,0.26,0.588,20689,92339,2.4,6,0,6.2,0
1028,714,0.198,0.496,41136,77019,3.6,8,1,12.1,0
1029,648,0.308,0.674,41016,84520,15.9,8,0,12.0,0
1030,713,0.457,0.599,22383,49081,9.9,14,0,13.1,0
1031,775,0.342,0.349,24778,43669,10.3,9,1,8.6,0
1032,783,0.287,0.757,59093,56403,3.0,16,0,4.0,0
1033,725,0.236,0.796,43867,127152,12.1,12,1,2.4,0
1034,674,0.285,0.76,25898,67233,2.2,13,1,8.0,1
1035,685,0.108,0.955,27810,94824,2.5,10,0,1.0,0
1036,754,0.274,0.742,20890,58292,6.2,6,0,12.5,0
1037,748,0.261,0.634,231475,210129,1.6,10,0,14.5,0
1038,576,0.328,0.764,202299,55249,0.5,14,0,10.3,0
1039,746,0.375,0.805,93364,119742,3.6,6,0,6.4,0
1040,749,0.355,0.667,24589,117258,5.3,13,1,5.3,0
1041,637,0.267,0.721,31164,43697,1.3,11,0,6.2,0
1042,646,0.228,0.664,55740,129526,15.9,6,0,13.2,0
1043,646,0.217,0.888,55515,60078,0.7,6,0,11.2,0
1044,652,0.202,0.873,25089,79900,7.0,13,0,17.3,0
1045,600,0.218,0.647,11315,89970,13.2,11,1,3.5,0
1046,721,0.268,0.564,13779,95234,5.3,12,0,9.3,0
1047,644,0.158,0.667,15629,48661,11.4,7,0,7.8,0
1048,695,0.324,0.433,62915,92607,11.2,7,0,2.6,0
1049,665,0.269,0.797,61480,45086,2.9,7,0,14.4,0
1050,717,0.197,0.815,144049,69701,12.5,14,0,0.0,0
1051,629,0.216,0.527,16294,46565,6.6,11,1,12.1,1
1052,717,0.364,0.809,98588,42455,20.8,9,1,13.7,0
1053,727,0.37,0.648,16265,56025,2.5,8,0,2.9,0
1054,757,0.519,0.964,12802,73306,0.2,10,0,8.8,0
1055,837,0.337,1.035,5170,33664,9.9,7,0,6.6,0
1056,553,0.212,0.648,105804,35833,0.9,8,1,6.1,1
1057,722,0.208,0.453,17813,48727,9.5,5,0,4.3,0
1058,650,0.319,0.873,31654,81736,1.4,13,0,14.4,1
1059,565,0.361,0.947,142104,129694,7.2,6,0,11.8,1
1060,758,0.421,0.798,31983,69446,3.1,11,1,13.2,0
1061,793,0.193,0.686,27113,32349,13.7,9,0,16.3,0
1062,672,0.29,0.85,40388,56815,1.7,7,0,13.1,0
1063,714,0.164,0.51,27159,57495,1.1,12,0,12.2,0
1064,695,0.318,0.846,9414,89497,2.4,15,0,9.2,0
1065,730,0.179,0.574,28733,89326,10.4,9,0,5.4,0
1066,761,0.426,0.652,59276,58951,4.6,13,0,13.9,0
1067,724,0.202,0.875,45696,60432,0.6,7,2,0.2,0
1068,724,0.341,0.87,126147,104265,1.4,5,0,8.5,0
1069,788,0.295,0.658,98583,117873,0.6,4,0,12.3,0
1070,688,0.285,0.584,27688,81807,5.1,9,0,8.1,0
1071,764,0.1,0.701,69711,171426,5.0,11,1,7.1,1
1072,642,0.271,0.547,112936,30786,2.2,9,1,11.0,0
1073,812,0.182,0.862,79268,71676,0.3,7,0,0.0,0
1074,751,0.221,0.58,7308,99858,9.0,7,1,11.9,0
1075,671,0.329,0.529,37386,53102,0.6,8,0,3.1,0
1076,551,0.552,0.812,25307,56331,5.7,12,0,7.6,1
1077,699,0.47,0.734,78869,59118,7.3,11,1,8.4,0
1078,617,0.332,0.589,13856,50884,18.6,5,0,12.1,0
1079,720,0.319,0.599,39670,36904,26.1,11,1,9.5,0
1080,801,0.245,0.648,49394,46874,6.5,5,1,11.8,0
1081,711,0.18,0.544,18966,47752,2.0,10,0,4.9,0
1082,687,0.324,0.706,13727,37242,40.0,10,0,4.9,0
1083,723,0.236,0.65,7909,23018,5.8,10,0,5.4,0
1084,719,0.456,0.434,37092,99278,1.3,10,0,16.0,0
1085,534,0.495,0.618,16431,39019,14.1,9,0,5.7,1
1086,716,0.494,0.894,155315,179340,4.7,7,0,12.7,0
1087,743,0.216,0.541,29712,91131,11.6,8,0,9.0,0
1088,681,0.229,0.591,68917,58486,1.8,11,0,10.6,0
1089,768,0.159,0.62,12431,61625,16.0,13,0,16.3,0
1090,691,0.345,0.664,28862,75596,4.8,10,0,20.6,0
1091,753,0.195,0.473,174144,49211,5.0,7,1,6.2,1
1092,850,0.22,0.562,45745,71261,6.5,8,0,12.0,0
1093,693,0.191,0.651,30962,66603,7.1,11,0,8.0,0
1094,564,0.224,0.773,39061,58111,0.5,9,0,14.3,1
1095,676,0.445,0.756,38604,118281,1.4,8,0,8.4,0
1096,579,0.05,0.717,38813,86043,11.4,4,0,10.8,1
1097,742,0.333,0.717,32416,130015,0.8,5,0,9.5,0
1098,791,0.199,0.534,55918,115666,1.8,6,0,8.8,0
1099,748,0.514,0.392,16263,127502,5.0,13,0,7.5,0
1100,722,0.363,0.468,32660,57600,10.9,6,0,11.6,0
1101,654,0.178,0.733,49846,116903,1.3,10,0,8.6,0
1102,810,0.219,0.751,8846,79695,7.3,13,1,11.9,0
1103,752,0.223,0.533,79594,102670,2.9,8,0,5.1,0
1104,719,0.395,0.931,19718,138099,2.9,12,0,10.7,0
1105,714,0.449,0.926,51275,96359,0.7,11,0,6.4,1
1106,707,0.295,0.55,13355,78368,6.7,12,1,2.6,0
1107,731,0.266,0.694,29795,55384,8.7,10,0,7.4,0
1108,657,0.384,0.841,14735,22553,1.4,11,0,7.0,0
1109,806,0.283,0.904,118440,52449,2.5,13,0,10.8,0
1110,710,0.327,0.714,12003,68544,11.0,4,0,15.4,0
1111,742,0.302,0.607,161534,21044,30.2,11,0,9.5,0
1112,669,0.201,0.768,16361,79323,0.4,8,1,16.8,0
1113,726,0.416,0.757,32404,53860,4.8,8,0,16.0,0
1114,540,0.221,0.939,70721,43575,4.7,15,0,14.9,1
1115,621,0.474,0.795,84303,155997,6.2,12,0,13.9,1
1116,697,0.398,0.755,57582,48794,3.6,7,0,4.7,0
1117,607,0.299,0.675,103636,120010,1.2,11,0,12.3,0
1118,850,0.156,0.761,235134,99244,3.6,13,0,11.4,0
1119,583,0.448,0.356,42351,102944,3.6,7,2,5.9,1
1120,724,0.312,0.72,22977,114853,6.8,13,0,8.1,0
1121,815,0.369,0.777,9491,126806,10.2,6,0,12.1,0
1122,733,0.428,0.44,32115,33295,19.5,19,2,11.8,0
1123,678,0.168,0.522,34272,59513,18.4,9,0,9.5,0
1124,661,0.316,0.398,11498,89317,0.2,13,0,13.7,0
1125,747,0.242,0.76,82318,91512,0.7,6,0,15.5,0
1126,643,0.312,0.803,26932,63185,6.0,10,0,8.6,0
1127,691,0.326,0.467,142310,123690,3.3,5,0,9.2,0
1128,748,0.114,0.634,28279,65990,2.6,6,2,7.6,0
1129,678,0.257,0.53,23336,40635,4.1,12,0,6.0,0
1130,706,0.289,0.763,37657,28454,13.2,11,1,8.9,0
1131,678,0.155,0.535,39656,67406,2.2,12,0,8.2,1
1132,632,0.206,0.546,59958,138654,11.6,12,0,5.0,0
1133,783,0.292,0.742,28723,66043,2.4,4,0,6.7,0
1134,797,0.349,1.029,19699,69108,1.0,7,1,10.2,0
1135,677,0.265,0.558,10734,34987,2.7,6,0,4.4,0
1136,681,0.21,0.578,23017,77301,11.3,11,0,9.1,0
1137,687,0.18,0.635,34138,99295,2.4,7,0,15.3,0
1138,737,0.244,0.768,15565,63956,3.1,8,0,11.4,0
1139,636,0.2,0.708,18374,47183,1.9,11,1,4.8,1
1140,693,0.34,0.583,41818,71450,3.6,5,0,7.2,0
1141,718,0.305,0.611,64351,116013,5.1,11,0,10.7,0
1142,744,0.215,0.597,7017,79322,7.5,6,0,7.3,0
1143,505,0.303,0.515,22027,84473,6.3,10,1,0.8,0
1144,728,0.513,0.83,41966,94482,2.0,10,1,7.6,0
1145,724,0.355,0.624,9295,141841,5.1,7,0,9.9,0
1146,770,0.305,0.757,149180,41836,0.4,9,0,11.0,0
1147,663,0.352,0.587,11485,67000,4.0,7,1,13.5,1
1148,663,0.406,0.696,82676,52309,1.2,13,0,6.0,0
1149,784,0.128,0.841,88126,47995,1.2,7,0,3.8,0
1150,590,0.237,0.902,18644,93004,12.7,12,1,10.9,0
1151,814,0.218,0.825,36340,39309,16.3,7,0,4.5,0
1152,850,0.215,0.544,22601,118049,14.6,11,0,11.0,0
1153,733,0.491,0.46,12733,62585,9.3,8,0,0.0,0
1154,756,0.331,0.676,29115,151718,8.6,7,1,11.1,0
1155,595,0.392,0.755,55680,61034,3.4,7,1,7.7,1
1156,651,0.31,0.937,30420,48366,6.9,3,1,9.0,0
1157,774,0.555,0.668,29797,46599,27.3,4,2,11.1,0
1158,725,0.079,0.8,16383,76491,7.4,12,0,9.3,0
1159,687,0.232,0.723,61881,55897,23.7,10,0,4.2,0
1160,716,0.236,0.498,14806,25516,1.9,8,0,10.0,0
1161,735,0.245,0.777,37653,50228,10.2,8,0,17.4,0
1162,679,0.371,0.661,38724,127427,5.4,11,0,15.0,0
1163,697,0.289,0.81,14305,100698,11.3,4,0,11.5,0
1164,697,0.345,0.475,34869,96846,3.2,10,0,13.9,1
1165,626,0.384,0.803,90634,83910,0.7,5,1,10.0,1
1166,722,0.303,0.662,32749,91466,6.0,9,1,7.9,0
1167,826,0.353,0.604,65531,92941,8.1,7,0,10.7,0
1168,821,0.236,0.916,91999,52745,0.6,13,0,6.6,0
1169,596,0.216,0.804,19209,84777,11.4,10,1,10.2,1
1170,739,0.191,0.801,45675,51229,3.0,7,0,5.4,0
1171,747,0.288,0.66,9199,120856,2.4,9,1,12.4,0
1172,671,0.185,0.506,67637,67244,14.5,11,1,8.2,0
1173,632,0.173,0.487,64046,57093,1.1,8,0,0.0,0
1174,607,0.345,0.631,184731,46794,0.8,8,1,8.8,1
1175,668,0.187,0.471,29589,105353,5.2,14,0,6.0,0
1176,724,0.337,0.609,57964,98712,1.4,6,0,12.7,0
1177,688,0.248,0.673,19147,84752,6.0,8,0,10.7,0
1178,657,0.222,0.628,58746,65942,7.0,8,0,1.9,0
1179,612,0.371,0.71,52323,69657,8.5,6,0,7.5,1
1180,724,0.379,0.336,92334,69139,10.1,8,0,13.8,0
1181,774,0.301,0.799,495842,107755,5.3,11,0,10.7,0
1182,635,0.421,0.662,4582,99507,9.0,7,0,7.7,0
1183,731,0.112,0.766,21971,79269,5.2,11,0,18.1,0
1184,568,0.388,0.625,70035,158244,8.3,9,0,3.7,1
1185,653,0.2,0.659,23436,58661,2.8,6,1,13.7,0
1186,751,0.257,0.513,82771,74844,0.0,8,0,9.8,0
1187,621,0.316,0.716,4649,44551,0.3,11,1,5.5,1
1188,657,0.211,0.573,50507,135588,12.6,7,0,9.2,0
1189,799,0.276,0.718,31248,54105,10.2,7,0,10.9,0
1190,648,0.237,0.809,30082,76034,4.2,8,1,15.8,0
1191,640,0.257,0.704,16334,61461,24.6,7,1,8.3,0
1192,740,0.49,0.974,24833,58265,6.6,7,0,6.4,0
1193,836,0.094,0.743,37061,74138,16.0,12,0,10.0,0
1194,683,0.259,0.672,63438,73170,7.8,9,1,7.3,0
1195,753,0.319,0.71,11204,49447,1.1,8,1,12.8,0
1196,794,0.167,0.706,69066,80866,5.3,9,0,9.2,0
1197,722,0.263,0.776,35744,55120,0.3,15,0,1.8,0
1198,681,0.31,0.592,83495,66249,16.8,12,0,5.3,0
1199,638,0.316,0.732,10299,97986,7.6,9,0,5.1,0
1200,600,0.362,0.541,25970,59661,15.8,8,0,6.9,0
1201,777,0.39,0.702,42292,202944,0.8,6,0,10.2,0
1202,712,0.247,0.779,19028,203386,3.0,8,0,9.5,0
1203,793,0.289,0.812,17036,41838,13.3,11,0,3.4,0
1204,769,0.138,0.625,199879,46571,19.0,12,0,10.1,0
1205,656,0.275,0.861,22896,74063,0.8,4,0,7.9,1
1206,616,0.135,0.648,49729,130839,0.0,8,0,8.7,0
1207,728,0.281,0.501,33117,26816,1.7,6,2,13.3,1
1208,655,0.362,0.698,47424,70042,8.8,10,0,7.9,0
1209,726,0.321,0.79,86184,80229,2.8,4,0,18.2,0
1210,648,0.289,0.575,37557,55576,4.2,6,0,5.7,0
1211,639,0.361,0.475,21749,110994,14.5,8,1,7.0,0
1212,690,0.387,0.68,44159,74610,3.4,5,0,8.9,0
1213,765,0.197,0.665,137955,65778,0.7,8,2,4.5,0
1214,721,0.399,0.562,25856,43777,16.2,8,0,10.4,0
1215,782,0.204,0.88,17241,83545,3.3,6,0,15.4,0
1216,613,0.235,0.803,33951,112081,40.0,10,0,2.9,0
1217,626,0.353,0.831,10859,135003,0.9,11,0,9.2,0
1218,693,0.298,0.487,15434,52056,4.9,14,0,9.9,0
1219,850,0.278,0.637,110378,62845,5.9,10,0,6.1,0
1220,747,0.297,0.608,28324,76238,9.0,11,0,10.7,0
1221,625,0.411,0.624,35471,64482,7.8,4,0,4.4,1
1222,694,0.287,0.833,29509,46792,0.8,9,0,11.9,0
1223,715,0.355,0.595,37640,88298,2.4,7,0,10.7,0
1224,660,0.352,0.584,71187,152906,4.5,12,0,7.3,0
1225,742,0.489,0.835,29047,106913,1.4,7,1,10.1,1
1226,689,0.418,0.95,14428,58155,10.5,8,1,9.9,0
1227,679,0.35,0.876,8540,109531,6.4,10,0,7.8,0
1228,788,0.352,0.545,21954,129161,7.0,9,0,6.9,0
1229,580,0.297,0.374,27386,123571,2.6,10,0,14.4,0
1230,632,0.264,0.564,22161,129925,3.2,8,0,12.5,0
1231,642,0.279,0.661,27475,94998,13.9,7,0,11.9,0
1232,640,0.282,0.728,30345,104323,2.6,10,0,5.2,0
1233,648,0.235,0.604,14334,33631,8.6,7,0,7.0,0
1234,734,0.239,0.852,13196,50536,6.1,9,2,7.8,0
1235,776,0.274,0.766,31816,120987,28.0,14,0,19.6,0
1236,764,0.248,0.682,49772,63189,1.0,8,0,20.5,0
1237,628,0.261,0.468,18013,53499,1.9,6,0,11.9,1
1238,692,0.263,0.854,60345,26234,18.9,6,0,3.9,0
1239,731,0.371,0.673,16467,72209,1.6,7,0,5.0,0
1240,716,0.359,0.414,46703,199310,5.3,9,0,6.5,0
1241,791,0.382,0.864,127507,170129,1.4,6,0,3.6,0
1242,652,0.405,0.964,68614,84486,3.8,8,0,7.8,0
1243,710,0.208,0.646,57956,42970,24.0,9,2,7.7,0
1244,672,0.283,0.527,17095,56371,1.6,10,0,5.4,0
1245,717,0.31,0.847,36001,77965,0.8,15,0,3.2,0
1246,624,0.324,0.895,118729,37921,29.7,9,0,7.6,0
1247,634,0.331,0.786,106757,64913,0.6,12,1,4.8,0
1248,648,0.422,0.37,83244,87939,18.8,8,0,15.9,1
1249,660,0.225,0.584,47914,25978,7.6,8,0,10.6,0
1250,808,0.303,0.544,47426,61966,12.0,9,1,8.6,0
1251,782,0.158,0.765,8687,51774,3.8,7,0,10.0,0
1252,685,0.322,0.901,21215,91601,0.4,5,1,4.0,1
1253,712,0.121,0.682,180517,110161,7.1,7,1,4.2,0
1254,588,0.316,0.657,61094,94356,7.2,7,1,8.0,1
1255,687,0.404,0.458,232281,75675,0.5,16,0,2.8,0
1256,711,0.342,0.48,48339,130822,2.5,9,0,8.2,0
1257,780,0.174,0.681,16049,61395,2.6,8,0,13.7,0
1258,722,0.203,0.895,28524,35732,11.1,14,0,7.1,0
1259,730,0.342,0.606,81244,46072,6.5,11,1,9.1,0
1260,720,0.269,0.593,61853,53558,0.8,9,3,12.8,0
1261,718,0.062,0.516,139296,145983,0.3,6,0,9.2,0
1262,602,0.422,0.489,85168,103556,3.3,6,0,12.8,1
1263,670,0.299,0.823,5250,31176,4.6,10,0,15.0,0
1264,800,0.137,0.642,53046,64239,9.4,9,0,9.4,0
1265,757,0.303,0.803,205846,119660,0.8,5,0,12.8,0
1266,734,0.501,0.404,66388,172119,1.7,7,0,8.3,0
1267,704,0.265,0.626,13563,48769,11.5,9,0,7.9,0
1268,746,0.264,0.906,64080,71402,0.8,14,0,7.9,0
1269,633,0.216,0.506,39461,36671,0.4,8,2,0.7,1
1270,589,0.345,0.526,30024,104347,8.7,3,0,13.3,0
1271,673,0.305,0.661,75239,56737,0.2,8,0,12.3,0
1272,737,0.361,0.679,32666,31271,10.1,6,0,5.3,0
1273,707,0.207,0.723,19900,116365,2.0,8,0,6.4,0
1274,770,0.353,0.662,24865,76694,4.9,6,0,5.6,0
1275,724,0.162,0.689,9176,63964,30.0,15,0,16.5,0
1276,703,0.33,0.681,79113,102933,1.3,13,1,12.0,0
1277,792,0.201,0.542,22452,109376,7.5,9,0,12.4,0
1278,779,0.284,0.613,10824,39957,3.3,9,0,2.9,0
1279,693,0.124,0.479,17864,90261,8.4,7,0,5.3,0
1280,622,0.29,0.708,22403,42662,8.0,13,0,0.6,0
1281,636,0.278,0.547,108212,35550,1.2,9,0,11.1,0
1282,688,0.127,0.761,9296,96381,4.4,6,0,15.6,0
1283,674,0.453,0.759,92511,81776,8.9,7,0,8.0,0
1284,816,0.342,0.364,27242,101750,9.5,10,0,7.4,0
1285,582,0.171,0.805,22971,74881,0.7,9,1,19.9,1
1286,695,0.179,0.782,39295,78832,1.0,9,0,13.6,0
1287,625,0.255,0.696,43159,77156,5.7,10,0,1.2,0
1288,708,0.223,0.351,82412,104790,4.6,8,0,0.0,0
1289,726,0.271,0.399,21154,101391,11.8,8,0,12.8,0
1290,671,0.063,0.799,57526,75252,9.0,14,0,10.6,0
1291,737,0.449,0.603,102078,40777,6.5,11,0,7.7,0
1292,686,0.208,0.724,16875,38199,4.1,8,1,8.6,0
1293,687,0.401,0.256,6102,52020,19.9,4,0,5.2,0
1294,670,0.263,0.752,44794,34385,6.7,15,1,1.0,0
1295,745,0.525,0.57,115487,52862,23.1,13,0,9.1,0
1296,709,0.366,0.565,17396,95281,3.6,12,1,5.7,0
1297,810,0.386,0.826,48486,58121,34.6,9,0,3.5,0
1298,788,0.4,0.626,14148,86402,25.8,8,0,7.5,0
1299,738,0.288,0.733,27645,111580,7.0,8,1,8.2,0
1300,548,0.295,0.552,128036,102336,2.4,10,1,2.3,1
1301,596,0.267,0.972,51965,52359,2.0,9,0,14.6,0
1302,769,0.316,0.558,76362,139303,5.9,10,1,15.4,0
1303,666,0.288,0.798,32712,82117,0.5,9,0,13.8,1
1304,716,0.316,0.601,126348,78502,1.6,13,1,11.7,0
1305,655,0.201,0.702,20792,42310,4.8,12,1,0.0,0
1306,736,0.238,0.65,36878,61326,14.1,9,0,11.4,0
1307,767,0.335,0.641,79189,96857,3.5,8,0,13.6,0
1308,615,0.282,0.633,41440,52166,8.9,10,1,11.3,0
1309,643,0.328,0.544,34044,49349,13.3,8,0,13.7,0
1310,583,0.347,0.738,43952,82660,14.4,13,0,13.8,0
1311,716,0.369,0.713,19918,58435,5.4,12,0,10.7,0
1312,583,0.329,0.67,19441,51094,2.2,7,0,9.2,1
1313,674,0.257,0.878,33503,34750,7.9,8,0,8.0,0
1314,736,0.193,0.804,68167,82209,5.5,9,0,8.7,0
1315,844,0.396,0.574,90791,36584,1.1,8,0,5.2,0
1316,725,0.211,0.699,18580,152123,15.6,5,0,10.1,0
1317,787,0.28,0.838,115080,113524,9.8,12,0,8.9,0
1318,718,0.442,0.661,60066,34326,1.2,9,0,10.1,0
1319,721,0.201,0.682,37822,79134,6.1,7,0,10.8,0
1320,685,0.253,0.62,68040,195671,13.9,6,1,10.1,0
1321,673,0.292,0.608,47095,98512,1.5,7,0,11.2,0
1322,782,0.101,0.81,117320,28885,5.6,6,0,4.9,0
1323,726,0.173,0.713,57899,39711,4.7,10,0,10.1,0
1324,723,0.405,0.775,61311,72363,15.9,8,0,3.1,0
1325,657,0.325,0.704,93911,79816,5.5,12,3,6.8,1
1326,675,0.363,0.61,28039,37262,6.1,4,0,7.9,0
1327,844,0.306,0.521,31535,97864,1.3,4,1,5.7,0
1328,695,0.085,0.628,33243,56561,1.8,6,0,13.5,0
1329,792,0.178,0.764,269078,148823,4.8,10,1,7.7,0
1330,663,0.057,0.746,26821,114922,1.3,9,0,5.7,0
1331,756,0.344,0.44,33688,56605,7.4,8,0,14.3,0
1332,720,0.551,0.951,9949,108458,12.2,16,1,9.0,0
1333,671,0.123,0.584,48762,81832,3.2,9,1,7.1,0
1334,745,0.387,0.666,14230,68134,10.5,11,0,12.4,0
1335,591,0.389,0.712,37013,49735,31.4,10,0,7.0,0
1336,740,0.299,0.93,52055,94154,10.5,8,0,10.3,0
1337,755,0.143,0.554,16012,41830,4.6,15,1,10.9,0
1338,719,0.193,0.558,19913,42524,13.8,7,0,14.0,0
1339,791,0.078,0.532,60939,75042,3.1,8,0,11.0,0
1340,695,0.267,0.714,52111,94728,6.8,12,0,9.1,0
1341,689,0.302,0.764,10415,158522,0.4,10,1,0.4,0
1342,724,0.362,0.706,37324,143147,1.9,11,1,13.8,1
1343,760,0.26,0.957,29197,107065,1.8,15,0,11.2,0
1344,739,0.195,0.629,91037,88090,1.7,6,2,15.2,0
1345,684,0.211,0.712,49702,63497,2.5,12,0,9.5,0
1346,630,0.267,0.413,19969,88578,6.4,6,0,4.9,0
1347,746,0.31,0.324,48654,107848,13.5,10,1,14.7,1
1348,644,0.419,0.758,21034,89322,4.4,12,0,4.7,0
1349,642,0.485,0.759,31444,71555,5.2,8,0,14.7,1
1350,654,0.279,0.507,24447,127443,19.4,11,1,15.0,0
1351,704,0.172,0.67,16089,86949,6.0,11,0,10.0,0
1352,644,0.403,0.771,11058,126604,10.0,10,0,10.5,0
1353,620,0.536,0.634,31229,83257,0.2,8,0,9.7,1
1354,653,0.205,0.557,21442,33999,0.6,10,0,11.4,0
1355,687,0.23,0.669,18730,27772,1.2,18,0,10.9,0
1356,731,0.268,0.979,23495,123978,12.9,10,0,8.9,0
1357,704,0.282,0.801,42037,73451,6.0,13,0,5.2,0
1358,624,0.212,0.614,65712,46228,6.2,9,0,6.3,0
1359,716,0.141,0.814,12835,58418,12.6,13,1,6.5,0
1360,722,0.341,0.721,117746,49897,12.3,4,1,2.4,0
1361,668,0.266,0.691,42863,36253,7.2,8,0,10.5,0
1362,644,0.393,0.731,42299,310023,25.3,16,0,3.3,0
1363,644,0.334,0.731,118958,40631,20.9,10,0,7.8,0
1364,662,0.382,0.483,114491,49005,3.4,7,1,2.7,0
1365,850,0.286,0.719,21844,111790,1.8,8,0,10.7,0
1366,637,0.35,0.628,105080,84155,2.0,9,0,7.0,0
1367,718,0.207,0.673,9503,56148,9.7,9,0,9.9,0
1368,650,0.33,0.54,38798,85854,2.2,10,0,8.0,0
1369,664,0.381,0.738,127327,58254,0.4,11,0,11.4,0
1370,650,0.413,0.71,25479,74749,1.2,11,1,6.2,0
1371,756,0.251,0.676,12073,88753,5.7,5,0,8.7,0
1372,726,0.34,0.72,69650,77656,4.0,9,0,9.5,0
1373,690,0.411,0.733,33679,168679,33.0,5,0,6.6,0
1374,735,0.124,0.818,173124,86921,1.1,20,0,5.9,0
1375,752,0.244,0.464,98493,107130,0.0,6,1,9.1,0
1376,640,0.339,0.932,24319,124598,7.7,8,0,6.4,0
1377,738,0.252,0.69,42227,123005,0.6,10,0,7.0,1
1378,649,0.215,0.623,7834,73268,10.7,11,0,8.2,0
1379,758,0.324,0.814,25643,32883,1.7,8,0,9.2,0
1380,751,0.234,0.671,9706,213414,3.1,7,0,15.5,0
1381,728,0.288,0.929,17668,179813,19.1,11,0,8.7,0
1382,685,0.126,0.711,176265,103924,2.0,5,1,11.7,0
1383,663,0.234,0.827,22896,136049,0.9,14,0,14.6,0
1384,681,0.309,0.686,13697,54939,4.6,8,3,6.6,1
1385,753,0.271,0.63,6904,46623,1.9,10,2,13.7,0
1386,652,0.277,0.784,25193,57761,1.2,10,0,3.1,1
1387,703,0.313,0.905,13741,49288,2.8,11,1,17.0,1
1388,577,0.391,0.863,22741,28604,4.8,10,0,0.0,1
1389,718,0.257,0.779,15532,106534,0.0,11,1,4.3,0
1390,627,0.279,0.807,58106,26299,0.5,6,0,1.6,0
1391,607,0.289,0.834,80349,42357,1.4,4,1,9.2,0
1392,736,0.233,0.835,22621,84717,0.5,10,0,17.8,0
1393,714,0.203,0.849,53204,81854,1.1,5,0,10.0,0
1394,668,0.366,0.385,18590,83822,9.6,9,0,2.7,0
1395,678,0.165,0.578,54249,32342,5.0,11,0,12.1,0
1396,850,0.341,0.798,67190,129632,2.6,8,0,0.0,0
1397,686,0.26,0.79,28237,49256,4.0,7,0,15.2,0
1398,685,0.247,0.381,81929,77297,5.9,7,0,7.7,0
1399,745,0.314,0.642,31730,28114,9.5,9,0,5.3,0
1400,706,0.329,0.441,56278,182235,24.1,14,0,11.0,0
1401,769,0.177,0.489,61720,85727,38.4,8,0,7.2,0
1402,719,0.278,0.688,16553,102668,0.4,10,0,8.9,0
1403,753,0.237,0.585,42019,60008,8.7,4,0,12.1,0
1404,731,0.207,0.606,14290,123223,0.4,7,2,12.4,0
1405,745,0.072,0.615,24976,106307,3.0,6,1,10.3,0
1406,697,0.366,0.717,84193,55276,8.1,11,0,11.7,0
1407,715,0.37,0.803,81343,48568,2.5,6,0,0.0,0
1408,681,0.164,0.538,90801,126524,10.4,7,1,9.3,0
1409,742,0.27,0.654,75092,97418,9.8,5,2,7.5,1
1410,605,0.158,0.724,25843,230156,8.2,9,0,10.3,0
1411,750,0.245,0.635,13718,67762,1.5,7,0,12.0,0
1412,769,0.217,0.79,79500,37969,3.6,12,0,12.7,0
1413,751,0.416,0.686,9294,84282,8.1,3,2,11.2,0
1414,692,0.144,0.86,182532,75193,20.9,7,1,11.6,0
1415,735,0.102,0.52,33069,72647,6.4,6,0,14.0,0
1416,645,0.245,1.054,18887,118704,1.3,10,0,11.6,0
1417,758,0.251,0.589,19504,84558,1.5,8,1,2.8,0
1418,623,0.477,0.89,21141,19721,0.8,8,1,9.4,1
1419,741,0.204,0.851,26885,95650,3.3,10,0,12.9,0
1420,737,0.428,0.933,53955,92496,28.7,10,1,11.4,0
1421,728,0.331,0.799,20513,32858,11.6,7,0,3.2,0
1422,668,0.446,0.575,46955,23926,1.7,8,1,0.0,0
1423,753,0.308,0.236,139866,93076,7.0,11,0,11.3,0
1424,571,0.119,0.569,95695,88689,3.9,11,0,4.0,1
1425,754,0.188,0.842,68845,92961,5.1,13,0,15.0,0
1426,713,0.335,0.715,16887,104226,4.0,3,0,9.0,0
1427,773,0.192,0.526,8601,139751,21.8,10,0,1.2,0
1428,714,0.519,0.498,95117,46711,0.1,16,0,8.5,0
1429,828,0.097,0.505,8860,80947,3.2,2,0,5.3,0
1430,634,0.217,0.608,109371,38768,14.9,7,1,7.5,0
1431,742,0.327,0.657,28656,63004,0.0,12,0,4.2,0
1432,637,0.282,0.91,45900,77819,8.0,10,0,0.2,0
1433,691,0.233,0.723,11743,141276,0.1,9,0,13.7,0
1434,751,0.425,0.591,8139,37751,9.2,9,1,12.7,1
1435,743,0.288,0.737,133518,33144,5.1,7,0,15.4,0
1436,845,0.388,0.561,23285,65553,1.1,15,1,9.7,0
1437,675,0.238,0.905,92353,91041,3.3,5,0,8.4,1
1438,790,0.384,0.454,11154,39053,1.0,10,2,4.1,0
1439,682,0.303,0.768,15839,133669,9.4,10,0,5.5,0
1440,650,0.118,0.478,21846,118169,2.3,13,1,7.2,0
1441,586,0.159,0.617,32754,78851,1.4,10,0,1.5,0
1442,711,0.393,0.777,40276,68471,0.2,8,0,8.2,0
1443,663,0.28,0.747,66914,53755,13.6,9,0,8.3,0
1444,759,0.395,0.648,6446,47230,4.5,7,0,16.0,0
1445,663,0.353,0.695,57067,56272,2.2,9,0,9.6,0
1446,666,0.168,0.447,17174,137762,4.8,6,0,17.4,0
1447,724,0.161,0.454,12540,69974,0.9,6,1,20.1,0
1448,820,0.27,0.762,50294,154750,0.1,13,0,6.8,0
1449,623,0.297,0.947,24783,116547,11.4,8,1,9.2,1
1450,771,0.21,0.805,35883,36350,5.4,10,0,9.0,0
1451,761,0.331,0.718,7846,112997,1.2,9,0,13.0,0
1452,684,0.259,0.83,52182,52555,4.4,4,0,8.0,0
1453,747,0.204,0.701,32642,56353,1.2,7,0,0.7,0
1454,680,0.306,0.816,55690,36187,3.6,8,2,5.4,1
1455,850,0.216,0.74,30404,98267,2.3,9,0,4.2,0
1456,692,0.135,0.698,17137,160143,8.1,9,1,7.4,0
1457,705,0.437,0.443,10308,214327,4.5,9,1,9.7,0
1458,677,0.083,0.735,22330,89512,0.8,8,0,4.9,0
1459,581,0.114,0.734,149800,47911,2.9,8,0,7.4,0
1460,681,0.363,0.795,24436,110871,8.7,11,0,2.2,0
1461,716,0.306,0.661,12772,202160,0.6,10,0,4.0,0
1462,805,0.223,0.729,22563,66523,2.4,11,0,9.2,0
1463,734,0.474,0.604,38888,47703,1.2,19,0,16.0,0
1464,686,0.241,0.916,6685,49530,17.1,15,0,11.4,0
1465,704,0.269,0.604,29161,100975,3.1,6,0,9.7,0
1466,722,0.282,0.595,42868,52481,4.5,11,0,11.2,0
1467,673,0.341,0.687,29646,56217,3.2,12,1,13.9,0
1468,747,0.349,0.429,79802,107369,2.2,12,0,4.1,0
1469,813,0.416,0.548,82824,47009,21.7,6,1,6.7,0
1470,674,0.233,0.438,25355,57991,10.7,13,0,9.0,0
1471,784,0.275,0.928,64573,173646,0.7,5,0,4.0,0
1472,761,0.25,0.741,53570,82569,8.5,11,0,7.1,0
1473,737,0.147,0.599,23138,78730,4.1,9,0,8.2,0
1474,707,0.247,0.534,77750,82311,1.9,10,0,15.8,0
1475,723,0.313,0.992,97183,94146,13.1,10,0,0.0,0
1476,684,0.291,0.437,16345,55953,16.1,7,0,8.7,0
1477,828,0.423,0.682,44186,30617,13.1,9,0,5.8,0
1478,649,0.3,0.879,46958,138381,23.3,11,0,6.9,0
1479,779,0.181,0.586,34063,59788,10.0,8,0,8.4,0
1480,808,0.228,0.531,13067,180840,5.6,13,1,4.6,0
1481,677,0.198,0.482,14442,54345,1.0,12,0,14.3,0
1482,781,0.22,0.805,120595,50608,6.8,12,0,9.5,0
1483,710,0.271,0.573,7280,171006,0.1,13,0,2.8,0
1484,704,0.356,0.536,20234,42161,4.9,6,0,11.1,0
1485,694,0.366,0.418,21915,82844,21.3,8,0,10.8,0
1486,587,0.189,0.581,11676,47017,8.7,9,0,8.5,0
1487,738,0.322,0.799,13462,80065,5.0,12,3,10.1,1
1488,801,0.273,0.773,55296,70128,1.6,7,0,4.3,0
1489,650,0.245,0.672,24122,106529,7.1,9,0,8.9,0
1490,759,0.213,0.593,19987,49925,7.3,11,0,13.0,0
1491,694,0.206,0.572,77727,106996,4.8,1,0,2.4,0
1492,623,0.227,0.457,16774,72924,3.8,10,0,13.1,0
1493,769,0.384,0.734,65484,50594,0.2,3,1,6.9,0
1494,818,0.374,0.696,16493,77015,28.0,6,0,6.8,0
1495,644,0.363,0.666,18556,44001,2.0,10,2,14.9,1
1496,715,0.053,0.725,31842,86324,0.8,10,0,8.8,0
1497,599,0.404,0.797,7415,111504,1.4,13,0,12.1,0
1498,697,0.31,0.768,24766,75510,5.2,9,0,10.6,0
1499,734,0.367,0.382,26074,47593,1.3,10,0,3.2,0
1500,822,0.263,0.629,86735,65914,1.1,8,0,16.4,0
1501,809,0.298,0.725,36746,97990,3.7,5,0,1.6,0
1502,814,0.413,0.67,8251,101352,6.8,10,1,14.4,0
1503,663,0.381,0.589,6544,46563,2.3,3,0,9.8,1
1504,682,0.187,0.646,20303,121097,5.0,5,1,5.6,0
1505,583,0.201,0.946,23242,148142,3.7,8,0,12.1,0
1506,649,0.325,0.88,12008,43064,11.2,7,0,7.7,1
1507,598,0.3,0.692,9660,28597,0.7,3,0,7.3,0
1508,725,0.191,0.621,30520,33354,9.9,14,1,11.0,1
1509,651,0.274,0.758,33437,55540,5.6,18,0,7.3,0
1510,622,0.212,0.821,60838,166556,1.6,13,0,0.8,0
1511,675,0.338,0.733,66739,64285,1.0,8,0,17.7,1
1512,617,0.507,0.52,160909,29603,6.7,10,0,1.3,0
1513,721,0.189,0.688,30966,67480,0.8,6,0,9.0,0
1514,719,0.324,0.704,46869,53645,11.4,3,1,3.3,0
1515,677,0.322,0.516,133273,158601,6.6,11,1,15.5,0
1516,648,0.26,0.703,23635,257283,8.2,10,1,9.9,1
1517,606,0.242,0.773,16900,43150,6.7,5,0,11.9,0
1518,738,0.245,0.764,2875,36411,16.3,13,1,7.8,0
1519,716,0.134,0.881,37211,68857,0.3,6,0,11.3,0
1520,732,0.082,0.479,47402,114970,5.9,18,0,12.1,0
1521,678,0.194,0.718,110345,42821,9.0,5,0,7.6,0
1522,684,0.22,0.606,31482,21387,2.3,12,0,11.7,0
1523,800,0.355,0.809,11578,45658,4.4,14,0,13.0,0
1524,657,0.17,0.833,209817,43962,1.0,8,0,10.1,1
1525,678,0.228,0.479,10111,107659,3.8,8,0,13.8,0
1526,752,0.387,0.626,22644,58435,1.4,15,0,13.7,0
1527,721,0.36,0.534,26914,127756,12.7,12,0,6.9,0
1528,556,0.328,0.665,112037,44041,1.9,12,0,7.8,1
1529,581,0.39,0.672,19662,102061,4.1,10,0,6.9,1
1530,653,0.545,0.876,15514,128855,4.5,9,0,6.0,0
1531,763,0.27,0.754,43912,60761,13.5,11,0,2.8,0
1532,747,0.341,0.838,109959,58359,7.0,11,0,4.7,0
1533,736,0.267,0.824,40046,39066,5.7,9,1,5.9,0
1534,743,0.262,0.522,31244,37871,0.3,7,0,8.1,0
1535,632,0.19,0.688,46402,66978,0.8,9,0,13.9,0
1536,742,0.449,0.823,24665,266929,1.8,10,0,10.5,0
1537,635,0.299,0.888,63949,91986,10.5,9,0,9.7,0
1538,766,0.433,0.793,100657,106451,0.6,7,0,9.0,0
1539,664,0.318,0.423,41866,59291,10.6,10,0,6.4,0
1540,719,0.193,0.747,83922,26629,12.2,8,0,10.3,0
1541,568,0.282,0.67,47437,61998,4.8,8,0,18.5,1
1542,605,0.345,0.786,100391,70601,20.1,8,1,8.2,0
1543,776,0.302,0.575,66084,43666,6.4,7,1,5.9,0
1544,748,0.098,0.693,10328,45419,30.1,5,0,8.7,0
1545,614,0.282,0.633,34749,33670,9.9,15,0,4.7,0
1546,789,0.241,0.872,15520,57523,0.3,9,0,11.9,0
1547,623,0.239,0.772,5231,74794,2.4,10,1,11.2,0
1548,701,0.143,0.643,20641,82448,19.3,10,0,10.7,0
1549,666,0.469,0.587,33043,76179,5.3,13,0,5.3,0
1550,635,0.378,0.616,94093,182250,1.5,7,1,4.2,1
1551,781,0.197,0.932,16600,34081,10.5,6,0,6.5,0
1552,817,0.258,0.651,100464,43307,16.1,8,0,0.0,0
1553,712,0.409,0.984,92993,145982,0.5,10,0,13.9,0
1554,806,0.117,0.707,19968,106238,1.3,7,0,8.1,0
1555,680,0.438,0.507,39647,149488,7.6,5,0,10.5,0
1556,707,0.316,0.85,17869,85043,10.7,7,0,5.2,0
1557,709,0.328,0.372,9831,86218,2.1,6,0,9.0,0
1558,619,0.264,0.696,14745,55852,8.0,16,1,8.1,1
1559,734,0.324,1.03,31510,67883,3.5,13,0,14.7,0
1560,749,0.476,0.933,44588,92789,19.0,6,2,13.1,1
1561,687,0.291,0.894,13445,78782,9.1,5,1,10.5,0
1562,581,0.211,0.824,70144,166387,2.4,14,0,5.0,0
1563,725,0.228,0.861,103460,285453,3.4,11,0,10.9,0
1564,593,0.384,0.556,126775,61961,3.5,9,1,10.4,1
1565,643,0.308,0.801,42673,81249,11.8,10,1,6.7,1
1566,709,0.304,0.737,27605,71049,19.7,6,0,11.7,0
1567,646,0.225,0.886,12954,63214,6.0,10,0,8.7,0
1568,717,0.421,0.93,16723,35758,4.7,9,1,6.8,1
1569,684,0.293,0.612,26799,110223,15.3,9,0,1.7,0
1570,585,0.199,0.463,24867,98883,5.9,11,0,12.8,1
1571,711,0.105,0.687,27040,68049,0.6,17,0,11.7,0
1572,741,0.158,0.906,118560,97912,5.8,11,2,10.4,0
1573,770,0.321,0.466,52328,112584,2.1,14,0,5.8,0
1574,674,0.192,0.647,30824,95348,7.9,5,0,13.3,0
1575,695,0.077,0.387,143912,67891,17.7,8,0,8.9,0
1576,595,0.196,0.58,63494,76495,1.5,6,2,6.7,0
1577,837,0.265,0.736,32700,79586,3.1,13,0,6.3,0
1578,805,0.339,0.674,12592,163882,5.4,8,1,10.3,0
1579,697,0.05,0.554,10906,172838,7.4,12,3,7.0,0
1580,691,0.275,0.903,120246,64353,3.5,10,0,9.0,0
1581,494,0.37,0.617,106653,31238,18.1,8,0,13.0,1
1582,772,0.193,0.394,38088,138164,1.3,6,0,16.2,0
1583,739,0.222,0.972,26752,240375,3.6,6,3,10.5,0
1584,756,0.3,0.84,50690,75869,8.0,11,0,6.1,0
1585,671,0.181,0.727,30497,133198,10.5,13,1,0.7,0
1586,667,0.189,0.535,25623,54732,8.6,5,2,10.7,0
1587,613,0.268,0.521,41160,66065,4.2,10,0,0.0,0
1588,754,0.298,0.699,34098,62856,22.3,11,0,11.1,0
1589,787,0.337,0.703,63047,81107,5.8,7,0,12.5,0
1590,778,0.282,0.465,25093,45182,3.9,10,0,9.7,0
1591,713,0.28,0.53,43423,158187,10.9,11,1,14.9,0
1592,677,0.305,0.753,30529,95932,2.4,11,1,12.4,0
1593,626,0.193,0.491,51574,98686,3.5,5,0,7.9,0
1594,650,0.07,0.845,42422,58872,13.1,6,1,10.9,0
1595,732,0.19,0.622,93724,27885,9.4,5,0,6.1,0
1596,680,0.231,0.851,44191,66792,18.0,7,0,8.2,0
1597,814,0.198,0.594,13336,115826,4.6,8,0,11.2,0
1598,780,0.166,0.781,40562,86887,0.7,16,0,13.7,0
1599,657,0.386,0.717,10652,90885,19.1,14,1,6.3,0
1600,614,0.197,0.934,82448,66143,10.6,4,0,10.3,0
1601,661,0.243,0.582,24425,53275,1.5,14,0,8.9,0
1602,774,0.338,0.992,29167,115657,0.3,7,0,8.5,0
1603,663,0.324,0.897,41641,94200,13.5,7,0,8.2,0
1604,738,0.207,0.58,31128,48205,15.0,10,3,8.8,0
1605,660,0.191,0.593,152783,98754,10.4,6,1,12.8,0
1606,724,0.273,0.734,16070,91282,6.0,15,2,20.6,1
1607,736,0.211,0.794,16104,92292,3.3,11,0,6.2,0
1608,769,0.267,0.534,39620,89727,7.6,10,0,3.8,0
1609,800,0.194,0.496,34228,75070,3.4,6,0,9.6,0
1610,791,0.322,0.42,33128,34157,5.7,13,1,2.4,0
1611,662,0.139,0.909,17322,106854,1.2,12,0,9.2,0
1612,689,0.259,0.677,33313,100704,3.9,12,1,8.3,0
1613,617,0.309,0.415,8834,65685,7.8,12,0,5.5,0
1614,683,0.309,0.638,117293,50010,12.6,13,0,8.3,0
1615,701,0.522,0.803,36642,57511,3.6,16,1,9.8,1
1616,671,0.257,0.74,48704,114500,2.5,6,0,7.6,0
1617,664,0.294,0.964,33635,78296,2.0,10,0,14.8,0
1618,772,0.271,0.71,18387,52218,18.4,9,0,10.8,0
1619,763,0.471,0.635,21709,62697,1.5,7,0,7.5,0
1620,727,0.381,0.724,22263,160450,1.0,8,0,12.6,0
1621,610,0.473,0.909,13900,27543,6.6,12,1,7.8,1
1622,714,0.222,0.779,18674,36207,3.4,9,0,6.2,0
1623,673,0.297,0.661,58851,104394,8.0,19,0,12.1,0
1624,792,0.285,0.522,22496,83133,10.0,6,1,8.5,0
1625,573,0.165,0.658,249682,19368,30.1,7,0,5.7,0
1626,660,0.314,0.484,18656,78334,4.8,7,0,10.3,0
1627,658,0.181,0.743,71791,125500,3.5,11,0,10.5,0
1628,667,0.385,0.742,132221,24973,10.1,8,0,6.5,0
1629,767,0.259,0.531,20172,63770,10.8,10,0,12.6,0
1630,535,0.128,0.561,23912,86279,20.4,8,1,12.9,0
1631,685,0.224,0.805,28220,67445,2.7,11,0,12.0,0
1632,759,0.285,0.674,68751,62582,4.7,6,0,16.9,0
1633,768,0.455,0.762,59660,88403,6.8,4,0,5.3,0
1634,661,0.367,0.591,12140,62639,28.0,10,0,5.9,0
1635,652,0.289,0.56,58361,82845,10.0,8,0,13.3,0
1636,724,0.368,0.635,71838,68072,31.5,10,0,13.3,0
1637,710,0.297,0.503,164174,220996,12.3,9,1,2.4,0
1638,704,0.191,0.594,59801,51647,1.7,9,0,18.3,0
1639,433,0.321,0.822,77161,35673,11.3,7,2,6.0,1
1640,621,0.366,0.584,281446,132387,6.0,12,0,12.3,0
1641,639,0.585,0.916,12622,38219,2.8,9,0,14.4,1
1642,745,0.31,0.822,9802,74186,1.5,5,0,11.1,0
1643,599,0.232,0.813,50849,72104,1.1,11,0,16.8,0
1644,626,0.373,0.732,23383,81251,1.0,12,0,9.2,1
1645,689,0.349,0.573,43624,101099,3.8,10,0,6.0,0
1646,609,0.438,0.516,42832,81329,17.3,11,1,18.5,1
1647,744,0.355,0.509,23529,111376,7.0,10,0,8.8,0
1648,672,0.109,0.711,19414,60084,4.8,10,1,7.4,0
1649,828,0.274,1.04,42910,103446,4.5,5,0,5.2,0
1650,655,0.409,0.751,75521,105313,1.2,7,1,13.2,1
1651,659,0.451,0.905,15452,69454,10.2,9,0,11.3,0
1652,756,0.197,0.658,49586,68995,2.4,12,0,9.5,0
1653,654,0.258,0.593,55466,40802,9.0,12,0,9.8,0
1654,805,0.346,0.8,19428,114358,0.9,14,1,4.9,0
1655,733,0.239,0.606,81939,152760,10.2,9,0,6.6,0
1656,678,0.254,0.636,25711,70885,10.3,8,1,2.4,0
1657,688,0.371,0.695,12887,92543,0.1,8,0,3.2,0
1658,850,0.381,0.519,6490,62056,13.5,9,0,11.2,0
1659,734,0.394,0.718,18849,43740,0.9,9,0,4.4,0
1660,710,0.33,0.659,49796,93024,14.9,10,1,14.2,0
1661,690,0.179,0.485,14716,121502,2.6,8,0,7.6,0
1662,772,0.266,0.687,33221,65156,26.5,9,0,12.3,0
1663,593,0.181,0.787,32461,37174,3.9,5,0,13.3,1
1664,687,0.229,0.559,55043,67772,30.1,12,1,14.2,0
1665,501,0.338,1.027,54964,46577,0.8,7,0,4.8,1
1666,662,0.297,0.49,16137,71811,1.2,8,0,11.2,0
1667,759,0.501,0.549,11757,85354,4.7,8,0,9.0,0
1668,796,0.306,0.768,6452,95604,0.5,7,1,9.0,1
1669,742,0.321,0.689,46691,41089,19.6,11,0,10.6,0
1670,744,0.277,0.535,114054,52792,7.4,9,0,9.8,0
1671,579,0.357,0.787,10706,41441,8.9,8,0,9.2,0
1672,652,0.447,0.506,96737,87116,4.6,11,0,10.1,0
1673,803,0.297,0.793,12737,65695,13.3,6,0,2.4,0
1674,663,0.432,0.864,44210,65469,4.2,6,0,14.9,0
1675,690,0.27,0.778,70351,115581,5.2,6,1,14.4,0
1676,643,0.388,0.709,95177,120270,5.4,10,0,8.8,0
1677,634,0.272,0.582,20838,69294,3.0,8,0,7.6,0
1678,667,0.27,0.539,31181,58056,16.1,8,0,9.2,0
1679,653,0.078,0.793,54160,51121,3.0,9,1,13.1,0
1680,767,0.1,0.796,19739,55213,8.2,6,1,8.6,0
1681,715,0.268,0.593,50951,40428,7.8,11,0,7.5,0
1682,771,0.355,0.71,106957,198430,1.0,11,0,11.6,1
1683,602,0.276,0.987,21363,138810,10.5,9,0,2.3,0
1684,785,0.196,0.621,43988,70300,15.8,10,0,7.3,0
1685,701,0.184,0.745,35182,58423,2.9,9,0,13.3,0
1686,828,0.355,0.737,31868,96936,12.9,6,1,12.1,0
1687,696,0.178,0.781,59811,102375,6.7,6,1,11.0,0
1688,595,0.364,0.942,47738,91087,9.4,7,1,11.5,0
1689,789,0.35,0.868,44435,117037,0.5,14,1,10.9,0
1690,690,0.43,0.554,31058,123543,1.0,9,0,10.5,0
1691,549,0.526,0.714,48865,79835,11.2,4,0,8.2,1
1692,710,0.255,0.351,164169,263520,3.3,12,0,12.8,0
1693,716,0.269,0.626,154275,38337,0.2,9,0,8.3,0
1694,775,0.425,0.393,68595,38926,2.3,13,0,10.9,0
1695,448,0.275,0.476,42908,80084,6.6,6,1,13.5,1
1696,780,0.124,0.728,12347,45883,13.2,12,0,2.6,0
1697,666,0.203,1.01,27871,91519,2.8,4,1,14.1,0
1698,834,0.319,0.752,20527,56482,3.2,12,0,10.0,0
1699,579,0.159,0.945,25370,79520,1.4,8,0,4.4,1
1700,738,0.482,0.349,110625,34222,5.0,9,0,9.8,0
1701,728,0.41,0.503,44036,50463,5.9,12,0,4.9,0
1702,670,0.187,0.56,25928,73686,5.6,8,1,5.9,0
1703,645,0.195,0.57,20106,56466,18.3,11,0,3.6,0
1704,673,0.294,0.828,31456,49393,0.6,11,1,8.0,1
1705,675,0.238,0.522,29331,34164,0.7,7,0,10.2,0
1706,612,0.27,0.539,27248,26802,0.6,12,0,9.7,0
1707,769,0.348,0.575,57073,145735,8.1,8,1,7.7,0
1708,623,0.26,0.343,32290,167490,3.8,8,0,9.1,0
1709,771,0.423,0.613,34036,97870,3.3,7,0,11.1,0
1710,574,0.367,0.74,24690,111894,25.5,9,0,5.2,0
1711,687,0.382,0.641,72091,45004,7.2,10,0,8.8,0
1712,688,0.165,0.683,77314,67217,9.1,5,0,15.3,0
1713,698,0.137,0.707,39178,109315,12.1,5,0,10.1,0
1714,766,0.278,0.603,52410,64067,0.5,7,0,6.4,0
1715,685,0.459,0.615,57364,42841,13.1,14,1,10.7,0
1716,667,0.402,0.644,41149,68295,1.8,10,0,6.3,0
1717,686,0.354,0.696,73608,67681,6.4,11,1,17.1,0
1718,768,0.405,0.6,22816,33029,5.3,10,0,0.2,0
1719,615,0.169,0.497,19688,84450,9.8,11,0,7.2,0
1720,628,0.136,0.729,40520,52986,13.8,7,0,10.0,0
1721,563,0.41,0.437,42915,60495,21.1,12,0,8.9,0
1722,841,0.219,0.573,27645,178535,8.8,8,1,15.1,0
1723,618,0.2,0.608,29897,148422,0.1,6,1,7.4,1
1724,568,0.341,0.535,42206,61633,11.7,16,0,8.6,1
1725,643,0.255,0.555,60192,80379,0.2,12,0,13.7,0
1726,657,0.268,0.764,71168,108547,15.1,12,0,0.1,0
1727,802,0.314,0.94,126669,84306,2.4,9,1,6.7,0
1728,667,0.297,0.443,40291,187221,11.5,6,0,10.7,0
1729,720,0.117,0.615,18502,34543,1.8,6,0,12.9,0
1730,574,0.233,0.692,39302,94845,8.5,3,0,16.5,0
1731,714,0.352,0.694,34590,83001,5.0,15,0,7.0,0
1732,584,0.211,0.431,46933,42943,6.7,7,0,6.6,0
1733,678,0.248,0.694,116505,85364,8.5,18,0,10.2,0
1734,646,0.251,0.68,29860,51132,4.8,7,0,11.0,0
1735,704,0.05,0.756,31944,29527,1.4,12,0,10.0,0
1736,744,0.29,0.504,15951,104233,15.7,10,0,6.5,0
1737,606,0.219,0.672,102231,151861,6.9,7,0,13.2,0
1738,620,0.339,0.548,44311,45496,32.0,6,0,6.8,1
1739,713,0.306,0.722,13340,84662,2.0,12,0,4.3,0
1740,748,0.201,0.931,46225,41749,1.6,6,1,7.6,1
1741,799,0.327,0.801,37462,40824,0.5,5,1,14.3,0
1742,666,0.231,0.609,75666,119104,2.7,12,0,15.0,0
1743,595,0.211,0.719,112073,68059,3.6,6,0,14.0,0
1744,713,0.134,0.708,46032,156933,7.6,13,0,6.2,0
1745,644,0.324,0.482,91486,86785,1.1,6,0,13.2,1
1746,635,0.265,1.001,41945,71591,7.8,7,0,5.2,0
1747,798,0.228,0.767,36520,75423,3.9,15,0,14.2,0
1748,743,0.123,0.828,20759,237334,4.2,12,0,6.5,0
1749,649,0.39,0.561,93096,119938,2.5,8,0,12.8,0
1750,698,0.252,0.495,10828,61359,8.8,10,0,11.4,0
1751,694,0.314,0.602,19983,67341,9.1,5,0,4.0,0
1752,711,0.311,0.695,146895,51311,0.9,2,0,13.9,0
1753,671,0.143,0.654,69953,57421,13.7,12,1,12.5,0
1754,566,0.349,0.525,253062,137770,30.7,12,0,10.5,0
1755,631,0.255,0.792,38299,86499,1.8,2,0,4.7,0
1756,662,0.26,0.591,54943,41603,9.0,6,1,7.0,1
1757,701,0.086,0.892,62152,67701,21.7,6,0,13.5,0
1758,624,0.403,0.651,20188,133192,0.4,6,0,7.1,0
1759,713,0.29,0.626,17727,108033,40.0,11,0,8.8,0
1760,673,0.258,0.654,97789,116255,20.1,5,0,7.2,0
1761,646,0.211,0.664,93823,65977,9.0,11,0,12.6,1
1762,611,0.274,0.723,57939,95238,6.0,12,1,13.8,1
1763,731,0.344,0.507,171126,131095,0.7,9,0,4.6,0
1764,729,0.272,0.959,51592,60686,7.6,6,0,11.9,0
1765,756,0.327,0.795,43460,72463,5.4,10,0,12.3,0
1766,738,0.171,0.88,52839,185053,1.3,11,0,6.8,0
1767,743,0.097,0.498,46867,41700,16.7,11,0,10.7,0
1768,726,0.202,0.741,45141,422998,4.8,10,0,7.5,0
1769,576,0.244,0.822,222957,57518,1.4,11,0,8.4,1
1770,680,0.176,0.902,47856,41136,10.9,10,0,11.0,0
1771,599,0.273,0.418,24780,168384,3.3,9,1,14.1,0
1772,795,0.253,0.546,70849,48958,3.2,5,1,8.0,0
1773,699,0.091,0.628,211669,94598,2.6,12,1,10.5,0
1774,788,0.354,0.734,47288,116847,22.9,6,0,11.1,0
1775,627,0.257,0.51,33197,98502,0.3,15,0,7.2,0
1776,693,0.165,0.864,54934,122719,5.1,8,0,5.5,0
1777,718,0.128,0.529,34139,66247,10.0,11,0,9.0,0
1778,676,0.508,0.387,126839,98175,12.6,5,0,8.5,0
1779,713,0.231,0.703,10426,69770,5.5,10,0,13.5,0
1780,803,0.067,0.613,38741,39466,10.2,9,1,9.4,0
1781,627,0.134,0.689,52791,150435,25.4,7,1,9.3,0
1782,515,0.288,0.659,59427,46959,5.6,10,1,15.6,0
1783,812,0.206,0.889,25810,38678,3.0,6,2,21.7,0
1784,644,0.255,0.78,41882,56283,37.4,16,0,7.8,0
1785,778,0.276,0.665,43721,39008,13.9,8,0,12.3,0
1786,745,0.277,0.478,7793,97723,3.0,7,0,14.8,0
1787,684,0.276,0.612,59888,27708,14.6,6,0,12.3,0
1788,726,0.262,0.61,46590,61500,10.8,15,0,14.0,0
1789,620,0.441,0.451,44516,55573,7.7,5,0,10.9,0
1790,706,0.244,0.797,527715,139903,6.4,9,0,1.0,0
1791,741,0.391,0.472,31322,47268,0.6,9,0,12.4,0
1792,645,0.301,0.471,18200,67722,9.7,12,0,11.1,0
1793,673,0.375,0.568,47734,187376,1.3,13,0,8.3,1
1794,721,0.336,0.507,61460,43717,10.6,12,0,12.3,0
1795,792,0.394,0.62,41010,61684,9.1,6,1,9.8,1
1796,699,0.534,0.465,24987,83364,4.1,12,0,8.7,0
1797,669,0.272,0.624,81003,84299,0.9,8,0,12.4,0
1798,689,0.324,0.637,76933,85218,4.1,4,1,6.8,0
1799,781,0.47,0.736,20590,137390,0.8,10,0,3.2,0
1800,655,0.304,0.719,77977,46862,2.5,8,0,16.4,1
1801,678,0.05,0.646,106001,100090,2.1,7,0,8.2,1
1802,655,0.235,0.731,43733,31677,4.2,14,1,8.4,0
1803,685,0.244,0.639,15383,120443,0.5,6,0,7.8,0
1804,714,0.293,0.885,62181,73111,3.2,10,1,4.1,0
1805,772,0.216,0.569,23374,84409,7.7,11,0,10.4,0
1806,551,0.512,0.595,72079,61013,8.5,14,0,6.5,1
1807,738,0.498,0.68,31452,39787,0.1,13,1,12.2,0
1808,637,0.117,0.566,38205,255450,6.6,11,0,7.6,0
1809,741,0.188,0.873,72907,252103,2.0,13,2,7.9,1
1810,786,0.386,0.774,24870,95038,3.7,9,0,5.8,0
1811,769,0.199,0.784,10883,56982,0.8,9,0,12.1,0
1812,711,0.239,0.759,87741,93152,0.0,3,0,7.9,0
1813,758,0.201,0.788,29718,214755,11.0,10,0,7.7,0
1814,633,0.421,0.574,15842,125460,2.4,14,0,15.1,1
1815,695,0.273,0.755,15449,55269,1.3,8,0,11.2,0
1816,806,0.406,0.518,88788,24330,4.3,8,2,10.4,0
1817,644,0.222,0.539,79845,64771,15.1,12,0,8.1,0
1818,713,0.36,0.737,158493,61838,4.9,9,0,6.5,0
1819,674,0.254,0.673,20538,91603,0.9,16,0,13.0,0
1820,686,0.299,0.718,42831,59760,2.1,10,1,7.0,0
1821,728,0.237,0.594,14941,66177,2.6,14,0,11.3,1
1822,681,0.254,0.569,38935,168249,0.8,8,1,7.1,0
1823,699,0.271,0.626,30025,178268,12.0,4,0,8.7,0
1824,664,0.305,0.689,26991,84991,5.5,15,1,10.3,0
1825,572,0.358,0.629,34189,30401,16.2,8,0,8.5,0
1826,713,0.185,0.804,111726,81960,6.7,5,2,7.2,0
1827,730,0.148,0.632,14350,179955,0.2,16,1,6.6,0
1828,796,0.406,0.44,11373,100521,15.2,9,0,8.1,0
1829,690,0.484,0.744,89651,59855,0.9,9,0,0.8,0
1830,602,0.376,0.854,6426,135569,6.5,4,0,14.2,1
1831,647,0.411,0.749,21408,131190,3.1,14,0,8.6,0
1832,737,0.243,0.808,20520,136580,8.9,12,0,12.8,0
1833,694,0.342,0.554,84392,46648,0.6,11,0,0.2,0
1834,719,0.323,0.73,47497,80279,11.0,11,1,11.1,0
1835,675,0.297,0.767,11818,146966,11.3,10,0,1.6,0
1836,830,0.195,0.672,20610,75504,1.8,12,0,5.7,0
1837,820,0.118,0.493,45938,23576,1.2,10,0,15.2,0
1838,634,0.404,0.697,89661,40584,7.1,8,0,10.1,0
1839,763,0.358,0.886,13237,110226,7.3,9,0,0.0,0
1840,721,0.214,0.606,8343,77144,2.4,7,1,8.9,0
1841,700,0.315,1.001,29782,43106,5.5,8,0,14.1,0
1842,639,0.234,0.653,11885,23475,15.0,6,0,3.3,0
1843,813,0.373,0.735,69520,49051,4.9,6,0,12.0,0
1844,781,0.333,0.528,30958,71318,0.8,16,1,13.3,0
1845,598,0.435,0.355,62914,95921,14.6,9,1,12.8,1
1846,796,0.293,0.816,22846,71792,1.3,10,0,4.6,0
1847,697,0.272,0.771,37463,58851,6.0,11,0,12.1,0
1848,658,0.284,0.249,46245,38921,11.6,6,1,14.4,0
1849,631,0.56,0.646,13923,103896,11.3,11,1,6.7,1
1850,766,0.349,0.618,52245,107274,2.1,10,0,6.0,0
1851,727,0.291,0.813,44339,79819,5.5,8,0,4.9,0
1852,638,0.371,0.785,37977,58927,5.5,5,1,5.6,1
1853,643,0.257,0.535,48297,166871,4.2,10,1,10.2,0
1854,672,0.316,0.826,12651,153178,23.3,14,1,6.6,0
1855,664,0.382,0.674,24146,60380,3.4,13,0,12.7,0
1856,736,0.05,0.696,5303,76935,2.3,10,1,18.1,0
1857,726,0.148,0.749,8184,45526,7.3,10,0,6.0,0
1858,655,0.156,0.809,46139,45217,9.5,13,1,7.6,0
1859,583,0.246,0.416,61848,132775,0.7,10,0,14.2,0
1860,606,0.245,0.544,85927,184775,6.2,6,0,7.5,0
1861,760,0.326,0.475,91170,104883,0.1,15,1,5.0,0
1862,630,0.347,0.763,211124,34307,0.6,8,0,9.8,0
1863,707,0.427,1.018,6421,47541,9.6,8,0,12.5,0
1864,576,0.248,0.514,114879,100754,11.5,6,0,5.6,0
1865,727,0.241,0.555,42666,130477,1.3,7,0,13.3,0
1866,834,0.233,0.788,10744,119436,9.1,8,0,9.0,0
1867,607,0.191,0.854,2329,75501,0.6,7,0,14.8,0
1868,738,0.3,0.759,35051,84386,23.6,10,0,6.0,0
1869,719,0.158,0.727,20999,43746,0.3,8,0,2.2,0
1870,764,0.395,0.462,39528,32806,0.4,5,0,4.7,0
1871,690,0.307,0.63,75608,104107,1.9,11,0,11.9,0
1872,719,0.362,0.668,26311,65084,3.2,11,0,5.7,0
1873,712,0.442,0.941,36232,58022,4.4,16,1,6.0,0
1874,740,0.053,0.663,8140,52561,3.2,9,0,13.9,0
1875,641,0.267,0.663,16797,113463,0.6,8,0,7.4,0
1876,713,0.22,0.647,31317,64829,8.4,12,0,9.6,0
1877,756,0.326,0.519,13554,52352,2.7,6,1,1.8,0
1878,781,0.364,0.984,24551,48177,7.5,9,0,11.3,0
1879,734,0.323,0.555,14471,52796,7.3,9,0,11.7,0
1880,620,0.294,0.54,56081,148293,9.2,11,0,8.9,0
1881,591,0.263,0.73,131397,32103,5.7,6,0,12.1,0
1882,728,0.373,0.546,17940,74473,4.5,12,0,10.3,0
1883,629,0.283,0.742,53884,106573,0.9,6,0,8.1,1
1884,759,0.45,0.893,17116,34721,3.8,7,0,12.9,0
1885,679,0.229,0.5,7801,53503,2.8,15,0,7.5,0
1886,770,0.463,0.626,67752,57670,1.3,13,1,10.1,0
1887,848,0.162,0.605,16638,74164,0.9,3,0,10.3,0
1888,695,0.307,0.723,38818,85353,2.2,7,0,16.2,0
1889,691,0.288,0.798,28657,89996,12.1,13,1,10.7,0
1890,770,0.21,0.528,99444,128116,6.0,7,0,4.7,0
1891,774,0.145,0.686,86908,81684,7.6,10,1,7.3,0
1892,819,0.373,0.596,25857,47467,0.7,9,0,13.6,0
1893,713,0.28,0.728,7614,76652,3.0,11,0,12.0,0
1894,655,0.376,0.533,75526,77087,11.8,6,0,5.9,0
1895,700,0.459,0.661,35994,60611,6.5,9,2,11.3,1
1896,656,0.348,0.788,30643,52301,0.5,7,1,4.2,1
1897,716,0.376,0.672,56956,76068,4.8,10,1,7.4,0
1898,639,0.242,0.786,62040,149107,4.3,6,1,2.9,1
1899,763,0.423,0.653,102122,35500,4.4,10,0,8.3,0
1900,748,0.433,0.806,35802,58976,7.7,6,0,4.3,0
1901,709,0.337,0.515,14587,284725,5.7,5,0,2.4,0
1902,701,0.258,0.539,11994,51616,9.3,5,0,10.4,0
1903,686,0.285,0.931,54349,59863,1.2,13,0,12.1,0
1904,791,0.296,0.69,45558,126621,15.5,16,0,16.1,0
1905,783,0.327,0.925,49987,153219,13.1,9,0,2.9,0
1906,710,0.279,0.888,24319,23913,1.2,14,1,8.0,0
1907,640,0.251,0.723,15273,124316,1.1,13,0,5.4,0
1908,617,0.263,0.519,29631,87660,9.6,9,0,3.2,0
1909,720,0.281,0.779,36063,37314,4.1,10,1,10.9,0
1910,655,0.403,0.582,68193,126990,1.7,11,0,9.2,0
1911,733,0.187,0.59,68250,47778,10.2,7,0,4.6,0
1912,672,0.087,0.541,32435,31460,1.5,7,0,10.6,0
1913,754,0.128,0.64,50333,114072,2.2,4,1,5.7,0
1914,714,0.303,0.654,163657,31949,13.5,6,0,15.3,0
1915,769,0.308,0.581,32630,63218,10.6,8,0,14.2,0
1916,543,0.397,0.459,34323,56684,13.2,11,0,10.7,0
1917,684,0.529,0.661,48584,131499,5.5,4,1,2.4,0
1918,850,0.264,0.477,103850,84919,3.5,12,0,4.4,0
1919,524,0.386,0.758,19302,20055,4.2,8,1,9.8,1
1920,758,0.222,0.568,27016,133591,1.5,8,0,15.1,0
1921,729,0.391,0.406,23730,92413,6.4,10,0,8.4,0
1922,789,0.309,0.492,34099,50113,8.3,4,0,7.9,0
1923,687,0.161,0.682,38031,80566,5.1,9,0,8.8,0
1924,783,0.313,0.737,52372,63062,1.4,10,1,7.3,0
1925,785,0.333,0.723,15384,42858,29.1,12,1,16.3,0
1926,713,0.319,0.499,15117,199514,6.0,13,0,9.9,0
1927,618,0.253,0.818,18363,59493,6.1,11,0,0.1,1
1928,763,0.428,0.839,4536,102583,4.2,7,0,8.0,0
1929,631,0.395,0.808,12210,150207,7.0,9,0,10.2,0
1930,690,0.349,0.8,50742,64341,21.8,8,1,7.8,0
1931,766,0.211,0.7,28461,128045,19.3,6,1,17.3,0
1932,776,0.241,0.775,27993,88437,1.1,13,0,11.1,0
1933,675,0.363,0.893,100014,66670,3.9,7,0,6.0,1
1934,743,0.451,0.704,15128,130359,15.4,7,0,9.9,0
1935,592,0.384,0.646,151597,141607,1.5,10,1,9.9,1
1936,666,0.262,0.574,31889,116992,9.8,16,0,14.2,0
1937,802,0.297,0.483,51203,56077,10.2,7,1,3.3,0
1938,794,0.404,0.942,30048,33141,1.4,10,0,10.4,0
1939,746,0.151,0.729,34225,141297,0.0,5,0,11.3,0
1940,690,0.14,0.938,8870,57739,6.0,5,0,10.3,0
1941,759,0.386,0.805,27477,66228,1.3,13,0,5.3,0
1942,698,0.294,0.785,70553,81038,6.5,12,0,5.3,0
1943,711,0.187,0.937,19049,54592,32.6,3,1,10.2,0
1944,706,0.262,0.688,69594,151199,8.3,10,0,8.7,0
1945,645,0.246,0.616,29876,81394,4.7,9,1,7.4,0
1946,750,0.331,0.515,55301,85188,3.7,9,0,12.0,0
1947,625,0.268,0.558,40722,66742,6.0,9,0,8.8,1
1948,754,0.324,0.502,57020,179383,1.6,11,0,5.0,0
1949,632,0.439,0.646,33134,57637,4.0,7,0,9.2,0
1950,649,0.3,0.451,46296,83354,13.7,10,0,7.2,0
1951,501,0.27,0.435,23479,58573,4.5,11,0,9.0,0
1952,689,0.23,0.388,9327,66731,1.6,6,0,8.2,0
1953,713,0.233,0.58,8555,99515,9.4,10,0,12.6,0
1954,757,0.27,0.644,19546,141443,2.7,10,0,5.1,0
1955,791,0.383,0.386,24898,286136,25.1,9,0,6.8,0
1956,595,0.36,0.593,25707,57948,1.0,6,1,10.2,0
1957,768,0.133,0.906,28692,68371,13.2,12,1,9.3,0
1958,667,0.468,0.879,5931,123657,4.9,6,0,14.4,1
1959,694,0.226,0.702,10385,75700,4.7,9,0,4.8,0
1960,692,0.226,0.606,23428,151187,0.6,7,0,12.8,0
1961,668,0.263,0.527,527708,125763,8.9,9,0,13.1,0
1962,637,0.486,0.657,35248,73884,1.2,12,0,7.0,1
1963,719,0.344,0.666,56276,157026,0.8,8,0,10.6,0
1964,756,0.303,0.813,37724,96125,2.9,9,1,10.7,0
1965,611,0.222,0.756,26914,101157,7.0,6,0,8.3,0
1966,698,0.298,0.696,40968,130350,2.3,9,1,7.0,0
1967,655,0.508,0.672,39507,108928,1.7,14,0,13.8,1
1968,776,0.367,0.547,23672,35108,11.7,8,0,3.0,0
1969,734,0.236,0.321,119584,55839,9.0,8,2,3.0,0
1970,805,0.246,0.778,25658,28746,1.2,12,0,5.7,0
1971,591,0.341,0.58,9693,50168,4.7,13,0,10.5,1
1972,772,0.376,0.816,16409,211228,4.9,7,1,10.8,0
1973,711,0.165,0.632,38326,52568,6.3,8,1,11.4,0
1974,649,0.319,0.653,36754,140401,12.9,10,0,9.6,0
1975,734,0.352,0.565,32053,81317,22.1,10,1,9.5,0
1976,809,0.406,0.87,75862,20732,18.0,6,0,9.3,0
1977,812,0.16,0.697,12146,99315,1.6,7,0,10.3,0
1978,757,0.511,0.503,38903,260035,12.7,8,0,7.4,0
1979,630,0.239,0.602,12988,34513,6.6,10,0,6.5,0
1980,721,0.236,0.451,23805,40104,1.0,11,0,7.0,0
1981,723,0.23,0.676,9302,105680,6.5,10,0,6.3,0
1982,786,0.339,0.471,17879,172390,3.2,10,0,7.8,0
1983,688,0.187,0.452,19553,83894,0.6,9,0,5.8,0
1984,701,0.454,0.984,24822,81027,10.8,6,0,13.8,0
1985,654,0.234,0.996,25592,58535,1.3,11,0,10.5,1
1986,746,0.293,0.674,67138,119872,7.5,7,0,5.4,0
1987,684,0.168,0.858,18958,161592,7.7,9,0,3.1,0
1988,713,0.228,0.6,15078,96559,40.0,14,1,10.0,0
1989,667,0.079,0.589,96211,80482,2.1,11,0,12.0,0
1990,703,0.277,0.764,33565,31216,0.3,12,0,3.6,0
1991,624,0.27,0.789,13142,222430,2.1,6,0,5.2,0
1992,711,0.104,0.664,50109,18676,6.3,4,0,14.9,0
1993,657,0.261,0.873,22694,41784,11.4,13,0,5.4,0
1994,748,0.33,0.899,28133,63481,9.5,7,0,9.4,0
1995,829,0.415,0.827,105494,48878,1.7,14,0,8.0,0
1996,759,0.189,0.677,53536,51752,18.0,6,1,12.1,0
1997,621,0.098,0.936,255888,60360,22.1,6,0,7.6,0
1998,674,0.268,0.879,62924,38653,5.4,4,1,10.4,1
1999,587,0.459,0.612,17465,114636,3.9,5,0,5.6,1
2000,700,0.248,0.716,62945,159956,4.5,13,0,9.9,0
